id1,prompt,sql,graph,requirement
68,"The goal is to construct a directed graph representation from a given sqlite SQL statement to represent the gradual advancement of functional implementation and eventually complete all requirements.Each node in the graph represents a SQL statement, which is a subsequence of a given SQL statement, and the edge represents the execution order. Subsequent nodes are the progression of the previous node. ( please attention the last node should be the original given SQL statement. )This graph should faithfully reflect the topological execution order of SQL statements to achieve requirements. The following includes three cases, including requirements, Sql, and Graph.

## Example 1
# Requirement:
find which tracks were composed by composer's name contain Smith.
# Sql:
SELECT name,albumid,composer FROM tracks WHERE composer LIKE '%Smith%' ORDER BY albumid;
# Graph:

{
    ""nodes"": [
        {""id"" : 1, ""sql statement"" : ""SELECT name,albumid,composer FROM tracks;""},
        {""id"" : 2, ""sql statement"" : ""SELECT name,albumid,composer FROM tracks WHERE composer LIKE '%Smith%';""},
        {""id"" : 3, ""sql statement"" : ""SELECT name,albumid,composer FROM tracks WHERE composer LIKE '%Smith%' ORDER BY albumid;""}
    ],
    ""edges"": [
        {""source"": 1, ""target"": 2},
        {""source"": 2, ""target"": 3}
    ]
}


## Example 2
# Requirement:
We set the tot_cred attribute value of each student tuple to the sum of the credits of the courses that the student has successfully completed. Assume that if a student's grade in a course is neither 'F' nor null, then he has successfully completed the course. Use the set clause.
# Sql:
update student set tot_cred = (select sum(credits) from takes natural join course where student.ID = takes.ID and takes.grade <> 'F' and takes.grade is not null);
# Graph:

{
    ""nodes"": [
        {""id"" : 1, ""sql statement"" : ""select sum(credits) from takes;""},
        {""id"" : 2, ""sql statement"" : ""select sum(credits) from takes natural join course;""},
        {""id"" : 3, ""sql statement"" : ""select sum(credits) from takes natural join course where student.ID = takes.ID and takes.grade <> 'F' and takes.grade is not null;""},
        {""id"" : 4, ""sql statement"" : ""update student set tot_cred = (select sum(credits) from takes natural join course where student.ID = takes.ID and takes.grade <> 'F' and takes.grade is not null);""}
    ],
    ""edges"": [
        {""source"": 1, ""target"": 2},
        {""source"": 2, ""target"": 3},
        {""source"": 3, ""target"": 4}
    ]
}


## Example 3
# Requirement:
What is the complete address of the school with the lowest excellence rate? Indicate the Street, City, Zip and State.xecellence Rate = NumGE1500 / NumTstTakr; complete address has Street, City, Zip, State
# Sql:
SELECT T2.Street, T2.City, T2.Zip, T2.State FROM schools AS T2 INNER JOIN (SELECT cds, CAST(NumGE1500 AS REAL) / NumTstTakr AS rate FROM satscores WHERE NumGE1500 IS NOT NULL AND NumTstTakr IS NOT NULL AND NumTstTakr != 0) AS T1 ON T2.CDSCode = T1.cds WHERE T1.rate = (SELECT MIN(CAST(NumGE1500 AS REAL) / NumTstTakr) AS min_rate FROM satscores WHERE NumGE1500 IS NOT NULL AND NumTstTakr IS NOT NULL AND NumTstTakr != 0) ORDER BY T2.CDSCode;
# Graph:

{
    ""nodes"": [
        {""id"" : 1, ""sql statement"" : ""SELECT cds, CAST(NumGE1500 AS REAL) / NumTstTakr AS rate FROM satscores WHERE NumGE1500 IS NOT NULL AND NumTstTakr IS NOT NULL AND NumTstTakr != 0;""},
        {""id"" : 2, ""sql statement"" : ""SELECT MIN(CAST(NumGE1500 AS REAL) / NumTstTakr) AS min_rate FROM satscores WHERE NumGE1500 IS NOT NULL AND NumTstTakr IS NOT NULL AND NumTstTakr != 0;""},
        {""id"" : 3, ""sql statement"" : ""SELECT T2.Street, T2.City, T2.Zip, T2.State FROM schools AS T2 INNER JOIN (SELECT cds, CAST(NumGE1500 AS REAL) / NumTstTakr AS rate FROM satscores WHERE NumGE1500 IS NOT NULL AND NumTstTakr IS NOT NULL AND NumTstTakr != 0) AS T1 ON T2.CDSCode = T1.cds WHERE T1.rate = (SELECT MIN(CAST(NumGE1500 AS REAL) / NumTstTakr) AS min_rate FROM satscores WHERE NumGE1500 IS NOT NULL AND NumTstTakr IS NOT NULL AND NumTstTakr != 0) ORDER BY T2.CDSCode;""}
        ],
    ""edges"": [
        {""source"": 1, ""target"": 3},
        {""source"": 2, ""target"": 3}
    ]
}


Please build the graph according to the following Requirement and Sql. Please note that just output the final linear graph. Do not include any other superfluous descriptions.

# Requirements:
Which county reported the most number of school closure in the 1980s with school wonership code belonging to Youth Authority Facilities (CEA)?Youth Authority Facilities (CEA) refers to SOC = 11; 1980s = years between 1980 and 1989
# Sql:
SELECT County FROM (SELECT County, COUNT(School) AS SchoolCount FROM schools WHERE strftime('%Y', ClosedDate) BETWEEN '1980' AND '1989' AND StatusType = 'Closed' AND SOC = 11 GROUP BY County) WHERE SchoolCount = (SELECT MAX(SchoolCount) FROM (SELECT COUNT(School) AS SchoolCount FROM schools WHERE strftime('%Y', ClosedDate) BETWEEN '1980' AND '1989' AND StatusType = 'Closed' AND SOC = 11 GROUP BY County))
# Graph:","SELECT County FROM (SELECT County, COUNT(School) AS SchoolCount FROM schools WHERE strftime('%Y', ClosedDate) BETWEEN '1980' AND '1989' AND StatusType = 'Closed' AND SOC = 11 GROUP BY County) WHERE SchoolCount = (SELECT MAX(SchoolCount) FROM (SELECT COUNT(School) AS SchoolCount FROM schools WHERE strftime('%Y', ClosedDate) BETWEEN '1980' AND '1989' AND StatusType = 'Closed' AND SOC = 11 GROUP BY County))","{
    ""nodes"": [
        {""id"" : 1, ""sql statement"" : ""SELECT County, COUNT(School) AS SchoolCount FROM schools WHERE strftime('%Y', ClosedDate) BETWEEN '1980' AND '1989' AND StatusType = 'Closed' AND SOC = 11 GROUP BY County;""},
        {""id"" : 2, ""sql statement"" : ""SELECT MAX(SchoolCount) FROM (SELECT COUNT(School) AS SchoolCount FROM schools WHERE strftime('%Y', ClosedDate) BETWEEN '1980' AND '1989' AND StatusType = 'Closed' AND SOC = 11 GROUP BY County);""},
        {""id"" : 3, ""sql statement"" : ""SELECT County FROM (SELECT County, COUNT(School) AS SchoolCount FROM schools WHERE strftime('%Y', ClosedDate) BETWEEN '1980' AND '1989' AND StatusType = 'Closed' AND SOC = 11 GROUP BY County) WHERE SchoolCount = (SELECT MAX(SchoolCount) FROM (SELECT COUNT(School) AS SchoolCount FROM schools WHERE strftime('%Y', ClosedDate) BETWEEN '1980' AND '1989' AND StatusType = 'Closed' AND SOC = 11 GROUP BY County));""}
    ],
    ""edges"": [
        {""source"": 1, ""target"": 3},
        {""source"": 2, ""target"": 3}
    ]
}",
80,"The goal is to construct a directed graph representation from a given sqlite SQL statement to represent the gradual advancement of functional implementation and eventually complete all requirements.Each node in the graph represents a SQL statement, which is a subsequence of a given SQL statement, and the edge represents the execution order. Subsequent nodes are the progression of the previous node. ( please attention the last node should be the original given SQL statement. )This graph should faithfully reflect the topological execution order of SQL statements to achieve requirements. The following includes three cases, including requirements, Sql, and Graph.

## Example 1
# Requirement:
find which tracks were composed by composer's name contain Smith.
# Sql:
SELECT name,albumid,composer FROM tracks WHERE composer LIKE '%Smith%' ORDER BY albumid;
# Graph:

{
    ""nodes"": [
        {""id"" : 1, ""sql statement"" : ""SELECT name,albumid,composer FROM tracks;""},
        {""id"" : 2, ""sql statement"" : ""SELECT name,albumid,composer FROM tracks WHERE composer LIKE '%Smith%';""},
        {""id"" : 3, ""sql statement"" : ""SELECT name,albumid,composer FROM tracks WHERE composer LIKE '%Smith%' ORDER BY albumid;""}
    ],
    ""edges"": [
        {""source"": 1, ""target"": 2},
        {""source"": 2, ""target"": 3}
    ]
}


## Example 2
# Requirement:
We set the tot_cred attribute value of each student tuple to the sum of the credits of the courses that the student has successfully completed. Assume that if a student's grade in a course is neither 'F' nor null, then he has successfully completed the course. Use the set clause.
# Sql:
update student set tot_cred = (select sum(credits) from takes natural join course where student.ID = takes.ID and takes.grade <> 'F' and takes.grade is not null);
# Graph:

{
    ""nodes"": [
        {""id"" : 1, ""sql statement"" : ""select sum(credits) from takes;""},
        {""id"" : 2, ""sql statement"" : ""select sum(credits) from takes natural join course;""},
        {""id"" : 3, ""sql statement"" : ""select sum(credits) from takes natural join course where student.ID = takes.ID and takes.grade <> 'F' and takes.grade is not null;""},
        {""id"" : 4, ""sql statement"" : ""update student set tot_cred = (select sum(credits) from takes natural join course where student.ID = takes.ID and takes.grade <> 'F' and takes.grade is not null);""}
    ],
    ""edges"": [
        {""source"": 1, ""target"": 2},
        {""source"": 2, ""target"": 3},
        {""source"": 3, ""target"": 4}
    ]
}


## Example 3
# Requirement:
What is the complete address of the school with the lowest excellence rate? Indicate the Street, City, Zip and State.xecellence Rate = NumGE1500 / NumTstTakr; complete address has Street, City, Zip, State
# Sql:
SELECT T2.Street, T2.City, T2.Zip, T2.State FROM schools AS T2 INNER JOIN (SELECT cds, CAST(NumGE1500 AS REAL) / NumTstTakr AS rate FROM satscores WHERE NumGE1500 IS NOT NULL AND NumTstTakr IS NOT NULL AND NumTstTakr != 0) AS T1 ON T2.CDSCode = T1.cds WHERE T1.rate = (SELECT MIN(CAST(NumGE1500 AS REAL) / NumTstTakr) AS min_rate FROM satscores WHERE NumGE1500 IS NOT NULL AND NumTstTakr IS NOT NULL AND NumTstTakr != 0) ORDER BY T2.CDSCode;
# Graph:

{
    ""nodes"": [
        {""id"" : 1, ""sql statement"" : ""SELECT cds, CAST(NumGE1500 AS REAL) / NumTstTakr AS rate FROM satscores WHERE NumGE1500 IS NOT NULL AND NumTstTakr IS NOT NULL AND NumTstTakr != 0;""},
        {""id"" : 2, ""sql statement"" : ""SELECT MIN(CAST(NumGE1500 AS REAL) / NumTstTakr) AS min_rate FROM satscores WHERE NumGE1500 IS NOT NULL AND NumTstTakr IS NOT NULL AND NumTstTakr != 0;""},
        {""id"" : 3, ""sql statement"" : ""SELECT T2.Street, T2.City, T2.Zip, T2.State FROM schools AS T2 INNER JOIN (SELECT cds, CAST(NumGE1500 AS REAL) / NumTstTakr AS rate FROM satscores WHERE NumGE1500 IS NOT NULL AND NumTstTakr IS NOT NULL AND NumTstTakr != 0) AS T1 ON T2.CDSCode = T1.cds WHERE T1.rate = (SELECT MIN(CAST(NumGE1500 AS REAL) / NumTstTakr) AS min_rate FROM satscores WHERE NumGE1500 IS NOT NULL AND NumTstTakr IS NOT NULL AND NumTstTakr != 0) ORDER BY T2.CDSCode;""}
        ],
    ""edges"": [
        {""source"": 1, ""target"": 3},
        {""source"": 2, ""target"": 3}
    ]
}


Please build the graph according to the following Requirement and Sql. Please note that just output the final linear graph. Do not include any other superfluous descriptions.

# Requirements:
What is the school type of the school with the highest latitude? Indicate the name of the school as well as the latitude coordinates.
# Sql:
SELECT T1.`School Type`, T1.`School Name`, T2.Latitude FROM frpm AS T1 INNER JOIN schools AS T2 ON T1.CDSCode = T2.CDSCode WHERE T2.Latitude = (SELECT MAX(Latitude) FROM schools)
# Graph:","SELECT T1.`School Type`, T1.`School Name`, T2.Latitude FROM frpm AS T1 INNER JOIN schools AS T2 ON T1.CDSCode = T2.CDSCode WHERE T2.Latitude = (SELECT MAX(Latitude) FROM schools)","{
    ""nodes"": [
        {""id"" : 1, ""sql statement"" : ""SELECT MAX(Latitude) FROM schools;""},
        {""id"" : 2, ""sql statement"" : ""SELECT T1.`School Type`, T1.`School Name`, T2.Latitude FROM frpm AS T1 INNER JOIN schools AS T2 ON T1.CDSCode = T2.CDSCode;""},
        {""id"" : 3, ""sql statement"" : ""SELECT T1.`School Type`, T1.`School Name`, T2.Latitude FROM frpm AS T1 INNER JOIN schools AS T2 ON T1.CDSCode = T2.CDSCode WHERE T2.Latitude = (SELECT MAX(Latitude) FROM schools);""}
    ],
    ""edges"": [
        {""source"": 1, ""target"": 3},
        {""source"": 2, ""target"": 3}
    ]
}
",
81,"The goal is to construct a directed graph representation from a given sqlite SQL statement to represent the gradual advancement of functional implementation and eventually complete all requirements.Each node in the graph represents a SQL statement, which is a subsequence of a given SQL statement, and the edge represents the execution order. Subsequent nodes are the progression of the previous node. ( please attention the last node should be the original given SQL statement. )This graph should faithfully reflect the topological execution order of SQL statements to achieve requirements. The following includes three cases, including requirements, Sql, and Graph.

## Example 1
# Requirement:
find which tracks were composed by composer's name contain Smith.
# Sql:
SELECT name,albumid,composer FROM tracks WHERE composer LIKE '%Smith%' ORDER BY albumid;
# Graph:

{
    ""nodes"": [
        {""id"" : 1, ""sql statement"" : ""SELECT name,albumid,composer FROM tracks;""},
        {""id"" : 2, ""sql statement"" : ""SELECT name,albumid,composer FROM tracks WHERE composer LIKE '%Smith%';""},
        {""id"" : 3, ""sql statement"" : ""SELECT name,albumid,composer FROM tracks WHERE composer LIKE '%Smith%' ORDER BY albumid;""}
    ],
    ""edges"": [
        {""source"": 1, ""target"": 2},
        {""source"": 2, ""target"": 3}
    ]
}


## Example 2
# Requirement:
We set the tot_cred attribute value of each student tuple to the sum of the credits of the courses that the student has successfully completed. Assume that if a student's grade in a course is neither 'F' nor null, then he has successfully completed the course. Use the set clause.
# Sql:
update student set tot_cred = (select sum(credits) from takes natural join course where student.ID = takes.ID and takes.grade <> 'F' and takes.grade is not null);
# Graph:

{
    ""nodes"": [
        {""id"" : 1, ""sql statement"" : ""select sum(credits) from takes;""},
        {""id"" : 2, ""sql statement"" : ""select sum(credits) from takes natural join course;""},
        {""id"" : 3, ""sql statement"" : ""select sum(credits) from takes natural join course where student.ID = takes.ID and takes.grade <> 'F' and takes.grade is not null;""},
        {""id"" : 4, ""sql statement"" : ""update student set tot_cred = (select sum(credits) from takes natural join course where student.ID = takes.ID and takes.grade <> 'F' and takes.grade is not null);""}
    ],
    ""edges"": [
        {""source"": 1, ""target"": 2},
        {""source"": 2, ""target"": 3},
        {""source"": 3, ""target"": 4}
    ]
}


## Example 3
# Requirement:
What is the complete address of the school with the lowest excellence rate? Indicate the Street, City, Zip and State.xecellence Rate = NumGE1500 / NumTstTakr; complete address has Street, City, Zip, State
# Sql:
SELECT T2.Street, T2.City, T2.Zip, T2.State FROM schools AS T2 INNER JOIN (SELECT cds, CAST(NumGE1500 AS REAL) / NumTstTakr AS rate FROM satscores WHERE NumGE1500 IS NOT NULL AND NumTstTakr IS NOT NULL AND NumTstTakr != 0) AS T1 ON T2.CDSCode = T1.cds WHERE T1.rate = (SELECT MIN(CAST(NumGE1500 AS REAL) / NumTstTakr) AS min_rate FROM satscores WHERE NumGE1500 IS NOT NULL AND NumTstTakr IS NOT NULL AND NumTstTakr != 0) ORDER BY T2.CDSCode;
# Graph:

{
    ""nodes"": [
        {""id"" : 1, ""sql statement"" : ""SELECT cds, CAST(NumGE1500 AS REAL) / NumTstTakr AS rate FROM satscores WHERE NumGE1500 IS NOT NULL AND NumTstTakr IS NOT NULL AND NumTstTakr != 0;""},
        {""id"" : 2, ""sql statement"" : ""SELECT MIN(CAST(NumGE1500 AS REAL) / NumTstTakr) AS min_rate FROM satscores WHERE NumGE1500 IS NOT NULL AND NumTstTakr IS NOT NULL AND NumTstTakr != 0;""},
        {""id"" : 3, ""sql statement"" : ""SELECT T2.Street, T2.City, T2.Zip, T2.State FROM schools AS T2 INNER JOIN (SELECT cds, CAST(NumGE1500 AS REAL) / NumTstTakr AS rate FROM satscores WHERE NumGE1500 IS NOT NULL AND NumTstTakr IS NOT NULL AND NumTstTakr != 0) AS T1 ON T2.CDSCode = T1.cds WHERE T1.rate = (SELECT MIN(CAST(NumGE1500 AS REAL) / NumTstTakr) AS min_rate FROM satscores WHERE NumGE1500 IS NOT NULL AND NumTstTakr IS NOT NULL AND NumTstTakr != 0) ORDER BY T2.CDSCode;""}
        ],
    ""edges"": [
        {""source"": 1, ""target"": 3},
        {""source"": 2, ""target"": 3}
    ]
}


Please build the graph according to the following Requirement and Sql. Please note that just output the final linear graph. Do not include any other superfluous descriptions.

# Requirements:
In which city can you find the school in the state of California with the lowest latitude coordinates and what is its lowest grade? Indicate the school name.State of California refers to state = 'CA'
# Sql:
SELECT T2.City, T1.`Low Grade`, T1.`School Name` FROM frpm AS T1 INNER JOIN schools AS T2 ON T1.CDSCode = T2.CDSCode WHERE T2.State = 'CA' AND T2.Latitude IS NOT NULL AND T2.Latitude = (SELECT MIN(Latitude) FROM schools WHERE State = 'CA' AND Latitude IS NOT NULL)
# Graph:","SELECT T2.City, T1.`Low Grade`, T1.`School Name` FROM frpm AS T1 INNER JOIN schools AS T2 ON T1.CDSCode = T2.CDSCode WHERE T2.State = 'CA' AND T2.Latitude IS NOT NULL AND T2.Latitude = (SELECT MIN(Latitude) FROM schools WHERE State = 'CA' AND Latitude IS NOT NULL)","{
    ""nodes"": [
        {""id"" : 1, ""sql statement"" : ""SELECT MIN(Latitude) FROM schools WHERE State = 'CA' AND Latitude IS NOT NULL;""},
        {""id"" : 2, ""sql statement"" : ""SELECT T2.City, T1.`Low Grade`, T1.`School Name` FROM frpm AS T1 INNER JOIN schools AS T2 ON T1.CDSCode = T2.CDSCode WHERE T2.State = 'CA' AND T2.Latitude IS NOT NULL;""},
        {""id"" : 3, ""sql statement"" : ""SELECT T2.City, T1.`Low Grade`, T1.`School Name` FROM frpm AS T1 INNER JOIN schools AS T2 ON T1.CDSCode = T2.CDSCode WHERE T2.State = 'CA' AND T2.Latitude IS NOT NULL AND T2.Latitude = (SELECT MIN(Latitude) FROM schools WHERE State = 'CA' AND Latitude IS NOT NULL);""}
    ],
    ""edges"": [
        {""source"": 1, ""target"": 3},
        {""source"": 2, ""target"": 3}
    ]
}",
82,"The goal is to construct a directed graph representation from a given sqlite SQL statement to represent the gradual advancement of functional implementation and eventually complete all requirements.Each node in the graph represents a SQL statement, which is a subsequence of a given SQL statement, and the edge represents the execution order. Subsequent nodes are the progression of the previous node. ( please attention the last node should be the original given SQL statement. )This graph should faithfully reflect the topological execution order of SQL statements to achieve requirements. The following includes three cases, including requirements, Sql, and Graph.

## Example 1
# Requirement:
find which tracks were composed by composer's name contain Smith.
# Sql:
SELECT name,albumid,composer FROM tracks WHERE composer LIKE '%Smith%' ORDER BY albumid;
# Graph:

{
    ""nodes"": [
        {""id"" : 1, ""sql statement"" : ""SELECT name,albumid,composer FROM tracks;""},
        {""id"" : 2, ""sql statement"" : ""SELECT name,albumid,composer FROM tracks WHERE composer LIKE '%Smith%';""},
        {""id"" : 3, ""sql statement"" : ""SELECT name,albumid,composer FROM tracks WHERE composer LIKE '%Smith%' ORDER BY albumid;""}
    ],
    ""edges"": [
        {""source"": 1, ""target"": 2},
        {""source"": 2, ""target"": 3}
    ]
}


## Example 2
# Requirement:
We set the tot_cred attribute value of each student tuple to the sum of the credits of the courses that the student has successfully completed. Assume that if a student's grade in a course is neither 'F' nor null, then he has successfully completed the course. Use the set clause.
# Sql:
update student set tot_cred = (select sum(credits) from takes natural join course where student.ID = takes.ID and takes.grade <> 'F' and takes.grade is not null);
# Graph:

{
    ""nodes"": [
        {""id"" : 1, ""sql statement"" : ""select sum(credits) from takes;""},
        {""id"" : 2, ""sql statement"" : ""select sum(credits) from takes natural join course;""},
        {""id"" : 3, ""sql statement"" : ""select sum(credits) from takes natural join course where student.ID = takes.ID and takes.grade <> 'F' and takes.grade is not null;""},
        {""id"" : 4, ""sql statement"" : ""update student set tot_cred = (select sum(credits) from takes natural join course where student.ID = takes.ID and takes.grade <> 'F' and takes.grade is not null);""}
    ],
    ""edges"": [
        {""source"": 1, ""target"": 2},
        {""source"": 2, ""target"": 3},
        {""source"": 3, ""target"": 4}
    ]
}


## Example 3
# Requirement:
What is the complete address of the school with the lowest excellence rate? Indicate the Street, City, Zip and State.xecellence Rate = NumGE1500 / NumTstTakr; complete address has Street, City, Zip, State
# Sql:
SELECT T2.Street, T2.City, T2.Zip, T2.State FROM schools AS T2 INNER JOIN (SELECT cds, CAST(NumGE1500 AS REAL) / NumTstTakr AS rate FROM satscores WHERE NumGE1500 IS NOT NULL AND NumTstTakr IS NOT NULL AND NumTstTakr != 0) AS T1 ON T2.CDSCode = T1.cds WHERE T1.rate = (SELECT MIN(CAST(NumGE1500 AS REAL) / NumTstTakr) AS min_rate FROM satscores WHERE NumGE1500 IS NOT NULL AND NumTstTakr IS NOT NULL AND NumTstTakr != 0) ORDER BY T2.CDSCode;
# Graph:

{
    ""nodes"": [
        {""id"" : 1, ""sql statement"" : ""SELECT cds, CAST(NumGE1500 AS REAL) / NumTstTakr AS rate FROM satscores WHERE NumGE1500 IS NOT NULL AND NumTstTakr IS NOT NULL AND NumTstTakr != 0;""},
        {""id"" : 2, ""sql statement"" : ""SELECT MIN(CAST(NumGE1500 AS REAL) / NumTstTakr) AS min_rate FROM satscores WHERE NumGE1500 IS NOT NULL AND NumTstTakr IS NOT NULL AND NumTstTakr != 0;""},
        {""id"" : 3, ""sql statement"" : ""SELECT T2.Street, T2.City, T2.Zip, T2.State FROM schools AS T2 INNER JOIN (SELECT cds, CAST(NumGE1500 AS REAL) / NumTstTakr AS rate FROM satscores WHERE NumGE1500 IS NOT NULL AND NumTstTakr IS NOT NULL AND NumTstTakr != 0) AS T1 ON T2.CDSCode = T1.cds WHERE T1.rate = (SELECT MIN(CAST(NumGE1500 AS REAL) / NumTstTakr) AS min_rate FROM satscores WHERE NumGE1500 IS NOT NULL AND NumTstTakr IS NOT NULL AND NumTstTakr != 0) ORDER BY T2.CDSCode;""}
        ],
    ""edges"": [
        {""source"": 1, ""target"": 3},
        {""source"": 2, ""target"": 3}
    ]
}


Please build the graph according to the following Requirement and Sql. Please note that just output the final linear graph. Do not include any other superfluous descriptions.

# Requirements:
What is the grade span offered in the school with the highest longitude?
# Sql:
SELECT GSoffered FROM schools WHERE ABS(longitude) = (SELECT MAX(ABS(longitude)) FROM schools)
# Graph:",SELECT GSoffered FROM schools WHERE ABS(longitude) = (SELECT MAX(ABS(longitude)) FROM schools),"{
    ""nodes"": [
        {""id"" : 1, ""sql statement"" : ""SELECT MAX(ABS(longitude)) FROM schools;""},
        {""id"" : 2, ""sql statement"" : ""SELECT GSoffered FROM schools WHERE ABS(longitude) = (SELECT MAX(ABS(longitude)) FROM schools);""}
    ],
    ""edges"": [
        {""source"": 1, ""target"": 2}
    ]
}
",
101,"The goal is to construct a directed graph representation from a given sqlite SQL statement to represent the gradual advancement of functional implementation and eventually complete all requirements.Each node in the graph represents a SQL statement, which is a subsequence of a given SQL statement, and the edge represents the execution order. Subsequent nodes are the progression of the previous node. ( please attention the last node should be the original given SQL statement. )This graph should faithfully reflect the topological execution order of SQL statements to achieve requirements. The following includes three cases, including requirements, Sql, and Graph.

## Example 1
# Requirement:
find which tracks were composed by composer's name contain Smith.
# Sql:
SELECT name,albumid,composer FROM tracks WHERE composer LIKE '%Smith%' ORDER BY albumid;
# Graph:

{
    ""nodes"": [
        {""id"" : 1, ""sql statement"" : ""SELECT name,albumid,composer FROM tracks;""},
        {""id"" : 2, ""sql statement"" : ""SELECT name,albumid,composer FROM tracks WHERE composer LIKE '%Smith%';""},
        {""id"" : 3, ""sql statement"" : ""SELECT name,albumid,composer FROM tracks WHERE composer LIKE '%Smith%' ORDER BY albumid;""}
    ],
    ""edges"": [
        {""source"": 1, ""target"": 2},
        {""source"": 2, ""target"": 3}
    ]
}


## Example 2
# Requirement:
We set the tot_cred attribute value of each student tuple to the sum of the credits of the courses that the student has successfully completed. Assume that if a student's grade in a course is neither 'F' nor null, then he has successfully completed the course. Use the set clause.
# Sql:
update student set tot_cred = (select sum(credits) from takes natural join course where student.ID = takes.ID and takes.grade <> 'F' and takes.grade is not null);
# Graph:

{
    ""nodes"": [
        {""id"" : 1, ""sql statement"" : ""select sum(credits) from takes;""},
        {""id"" : 2, ""sql statement"" : ""select sum(credits) from takes natural join course;""},
        {""id"" : 3, ""sql statement"" : ""select sum(credits) from takes natural join course where student.ID = takes.ID and takes.grade <> 'F' and takes.grade is not null;""},
        {""id"" : 4, ""sql statement"" : ""update student set tot_cred = (select sum(credits) from takes natural join course where student.ID = takes.ID and takes.grade <> 'F' and takes.grade is not null);""}
    ],
    ""edges"": [
        {""source"": 1, ""target"": 2},
        {""source"": 2, ""target"": 3},
        {""source"": 3, ""target"": 4}
    ]
}


## Example 3
# Requirement:
What is the complete address of the school with the lowest excellence rate? Indicate the Street, City, Zip and State.xecellence Rate = NumGE1500 / NumTstTakr; complete address has Street, City, Zip, State
# Sql:
SELECT T2.Street, T2.City, T2.Zip, T2.State FROM schools AS T2 INNER JOIN (SELECT cds, CAST(NumGE1500 AS REAL) / NumTstTakr AS rate FROM satscores WHERE NumGE1500 IS NOT NULL AND NumTstTakr IS NOT NULL AND NumTstTakr != 0) AS T1 ON T2.CDSCode = T1.cds WHERE T1.rate = (SELECT MIN(CAST(NumGE1500 AS REAL) / NumTstTakr) AS min_rate FROM satscores WHERE NumGE1500 IS NOT NULL AND NumTstTakr IS NOT NULL AND NumTstTakr != 0) ORDER BY T2.CDSCode;
# Graph:

{
    ""nodes"": [
        {""id"" : 1, ""sql statement"" : ""SELECT cds, CAST(NumGE1500 AS REAL) / NumTstTakr AS rate FROM satscores WHERE NumGE1500 IS NOT NULL AND NumTstTakr IS NOT NULL AND NumTstTakr != 0;""},
        {""id"" : 2, ""sql statement"" : ""SELECT MIN(CAST(NumGE1500 AS REAL) / NumTstTakr) AS min_rate FROM satscores WHERE NumGE1500 IS NOT NULL AND NumTstTakr IS NOT NULL AND NumTstTakr != 0;""},
        {""id"" : 3, ""sql statement"" : ""SELECT T2.Street, T2.City, T2.Zip, T2.State FROM schools AS T2 INNER JOIN (SELECT cds, CAST(NumGE1500 AS REAL) / NumTstTakr AS rate FROM satscores WHERE NumGE1500 IS NOT NULL AND NumTstTakr IS NOT NULL AND NumTstTakr != 0) AS T1 ON T2.CDSCode = T1.cds WHERE T1.rate = (SELECT MIN(CAST(NumGE1500 AS REAL) / NumTstTakr) AS min_rate FROM satscores WHERE NumGE1500 IS NOT NULL AND NumTstTakr IS NOT NULL AND NumTstTakr != 0) ORDER BY T2.CDSCode;""}
        ],
    ""edges"": [
        {""source"": 1, ""target"": 3},
        {""source"": 2, ""target"": 3}
    ]
}


Please build the graph according to the following Requirement and Sql. Please note that just output the final linear graph. Do not include any other superfluous descriptions.

# Requirements:
List out the accounts who have the earliest trading date in 1995 ?
# Sql:
SELECT account_id FROM trans WHERE STRFTIME('%Y', date) = '1995' ORDER BY date ASC LIMIT 1
# Graph:","SELECT account_id FROM trans WHERE STRFTIME('%Y', date) = '1995' ORDER BY date ASC LIMIT 1","{
    ""nodes"": [
        {""id"" : 1, ""sql statement"" : ""SELECT account_id FROM trans;""},
        {""id"" : 2, ""sql statement"" : ""SELECT account_id FROM trans WHERE STRFTIME('%Y', date) = '1995';""},
        {""id"" : 3, ""sql statement"" : ""SELECT account_id FROM trans WHERE STRFTIME('%Y', date) = '1995' ORDER BY date ASC;""},
        {""id"" : 4, ""sql statement"" : ""SELECT account_id FROM trans WHERE STRFTIME('%Y', date) = '1995' ORDER BY date ASC LIMIT 1;""}
     ],
    ""edges"": [
        {""source"": 1, ""target"": 2},
        {""source"": 2, ""target"": 3},
        {""source"": 3, ""target"": 4}
    ]
}",
189,"The goal is to construct a directed graph representation from a given sqlite SQL statement to represent the gradual advancement of functional implementation and eventually complete all requirements.Each node in the graph represents a SQL statement, which is a subsequence of a given SQL statement, and the edge represents the execution order. Subsequent nodes are the progression of the previous node. ( please attention the last node should be the original given SQL statement. )This graph should faithfully reflect the topological execution order of SQL statements to achieve requirements. The following includes three cases, including requirements, Sql, and Graph.

## Example 1
# Requirement:
find which tracks were composed by composer's name contain Smith.
# Sql:
SELECT name,albumid,composer FROM tracks WHERE composer LIKE '%Smith%' ORDER BY albumid;
# Graph:

{
    ""nodes"": [
        {""id"" : 1, ""sql statement"" : ""SELECT name,albumid,composer FROM tracks;""},
        {""id"" : 2, ""sql statement"" : ""SELECT name,albumid,composer FROM tracks WHERE composer LIKE '%Smith%';""},
        {""id"" : 3, ""sql statement"" : ""SELECT name,albumid,composer FROM tracks WHERE composer LIKE '%Smith%' ORDER BY albumid;""}
    ],
    ""edges"": [
        {""source"": 1, ""target"": 2},
        {""source"": 2, ""target"": 3}
    ]
}


## Example 2
# Requirement:
We set the tot_cred attribute value of each student tuple to the sum of the credits of the courses that the student has successfully completed. Assume that if a student's grade in a course is neither 'F' nor null, then he has successfully completed the course. Use the set clause.
# Sql:
update student set tot_cred = (select sum(credits) from takes natural join course where student.ID = takes.ID and takes.grade <> 'F' and takes.grade is not null);
# Graph:

{
    ""nodes"": [
        {""id"" : 1, ""sql statement"" : ""select sum(credits) from takes;""},
        {""id"" : 2, ""sql statement"" : ""select sum(credits) from takes natural join course;""},
        {""id"" : 3, ""sql statement"" : ""select sum(credits) from takes natural join course where student.ID = takes.ID and takes.grade <> 'F' and takes.grade is not null;""},
        {""id"" : 4, ""sql statement"" : ""update student set tot_cred = (select sum(credits) from takes natural join course where student.ID = takes.ID and takes.grade <> 'F' and takes.grade is not null);""}
    ],
    ""edges"": [
        {""source"": 1, ""target"": 2},
        {""source"": 2, ""target"": 3},
        {""source"": 3, ""target"": 4}
    ]
}


## Example 3
# Requirement:
What is the complete address of the school with the lowest excellence rate? Indicate the Street, City, Zip and State.xecellence Rate = NumGE1500 / NumTstTakr; complete address has Street, City, Zip, State
# Sql:
SELECT T2.Street, T2.City, T2.Zip, T2.State FROM schools AS T2 INNER JOIN (SELECT cds, CAST(NumGE1500 AS REAL) / NumTstTakr AS rate FROM satscores WHERE NumGE1500 IS NOT NULL AND NumTstTakr IS NOT NULL AND NumTstTakr != 0) AS T1 ON T2.CDSCode = T1.cds WHERE T1.rate = (SELECT MIN(CAST(NumGE1500 AS REAL) / NumTstTakr) AS min_rate FROM satscores WHERE NumGE1500 IS NOT NULL AND NumTstTakr IS NOT NULL AND NumTstTakr != 0) ORDER BY T2.CDSCode;
# Graph:

{
    ""nodes"": [
        {""id"" : 1, ""sql statement"" : ""SELECT cds, CAST(NumGE1500 AS REAL) / NumTstTakr AS rate FROM satscores WHERE NumGE1500 IS NOT NULL AND NumTstTakr IS NOT NULL AND NumTstTakr != 0;""},
        {""id"" : 2, ""sql statement"" : ""SELECT MIN(CAST(NumGE1500 AS REAL) / NumTstTakr) AS min_rate FROM satscores WHERE NumGE1500 IS NOT NULL AND NumTstTakr IS NOT NULL AND NumTstTakr != 0;""},
        {""id"" : 3, ""sql statement"" : ""SELECT T2.Street, T2.City, T2.Zip, T2.State FROM schools AS T2 INNER JOIN (SELECT cds, CAST(NumGE1500 AS REAL) / NumTstTakr AS rate FROM satscores WHERE NumGE1500 IS NOT NULL AND NumTstTakr IS NOT NULL AND NumTstTakr != 0) AS T1 ON T2.CDSCode = T1.cds WHERE T1.rate = (SELECT MIN(CAST(NumGE1500 AS REAL) / NumTstTakr) AS min_rate FROM satscores WHERE NumGE1500 IS NOT NULL AND NumTstTakr IS NOT NULL AND NumTstTakr != 0) ORDER BY T2.CDSCode;""}
        ],
    ""edges"": [
        {""source"": 1, ""target"": 3},
        {""source"": 2, ""target"": 3}
    ]
}


Please build the graph according to the following Requirement and Sql. Please note that just output the final linear graph. Do not include any other superfluous descriptions.

# Requirements:
Name the account numbers of female clients who are oldest and have lowest average salary?Female refers to 'F' in the gender; A11 contains information about average salary
# Sql:
SELECT T3.account_id FROM client AS T1 INNER JOIN district AS T2 ON T1.district_id = T2.district_id INNER JOIN account AS T3 ON T2.district_id = T3.district_id WHERE T1.gender = 'F' AND T1.birth_date = (SELECT MIN(birth_date) FROM client WHERE gender = 'F') AND T2.A11 = (SELECT MIN(T2.A11) FROM client AS T1 INNER JOIN district AS T2 ON T1.district_id = T2.district_id WHERE T1.gender = 'F' AND T1.birth_date = (SELECT MIN(birth_date) FROM client WHERE gender = 'F'))
# Graph:",SELECT T3.account_id FROM client AS T1 INNER JOIN district AS T2 ON T1.district_id = T2.district_id INNER JOIN account AS T3 ON T2.district_id = T3.district_id WHERE T1.gender = 'F' AND T1.birth_date = (SELECT MIN(birth_date) FROM client WHERE gender = 'F') AND T2.A11 = (SELECT MIN(T2.A11) FROM client AS T1 INNER JOIN district AS T2 ON T1.district_id = T2.district_id WHERE T1.gender = 'F' AND T1.birth_date = (SELECT MIN(birth_date) FROM client WHERE gender = 'F')),"{
    ""nodes"": [
        {""id"" : 1, ""sql statement"" : ""SELECT MIN(birth_date) FROM client WHERE gender = 'F';""},
        {""id"" : 2, ""sql statement"" : ""SELECT MIN(T2.A11) FROM client AS T1 INNER JOIN district AS T2 ON T1.district_id = T2.district_id WHERE T1.gender = 'F' AND T1.birth_date = (SELECT MIN(birth_date) FROM client WHERE gender = 'F');""},
        {""id"" : 3, ""sql statement"" : ""SELECT T3.account_id FROM client AS T1 INNER JOIN district AS T2 ON T1.district_id = T2.district_id INNER JOIN account AS T3 ON T2.district_id = T3.district_id WHERE T1.gender = 'F' AND T1.birth_date = (SELECT MIN(birth_date) FROM client WHERE gender = 'F') AND T2.A11 = (SELECT MIN(T2.A11) FROM client AS T1 INNER JOIN district AS T2 ON T1.district_id = T2.district_id WHERE T1.gender = 'F' AND T1.birth_date = (SELECT MIN(birth_date) FROM client WHERE gender = 'F'));""}
    ],
    ""edges"": [
        {""source"": 1, ""target"": 2},
        {""source"": 2, ""target"": 3},
        {""source"": 1, ""target"": 3}
    ]
}",
244,"The goal is to construct a directed graph representation from a given sqlite SQL statement to represent the gradual advancement of functional implementation and eventually complete all requirements.Each node in the graph represents a SQL statement, which is a subsequence of a given SQL statement, and the edge represents the execution order. Subsequent nodes are the progression of the previous node. ( please attention the last node should be the original given SQL statement. )This graph should faithfully reflect the topological execution order of SQL statements to achieve requirements. The following includes three cases, including requirements, Sql, and Graph.

## Example 1
# Requirement:
find which tracks were composed by composer's name contain Smith.
# Sql:
SELECT name,albumid,composer FROM tracks WHERE composer LIKE '%Smith%' ORDER BY albumid;
# Graph:

{
    ""nodes"": [
        {""id"" : 1, ""sql statement"" : ""SELECT name,albumid,composer FROM tracks;""},
        {""id"" : 2, ""sql statement"" : ""SELECT name,albumid,composer FROM tracks WHERE composer LIKE '%Smith%';""},
        {""id"" : 3, ""sql statement"" : ""SELECT name,albumid,composer FROM tracks WHERE composer LIKE '%Smith%' ORDER BY albumid;""}
    ],
    ""edges"": [
        {""source"": 1, ""target"": 2},
        {""source"": 2, ""target"": 3}
    ]
}


## Example 2
# Requirement:
We set the tot_cred attribute value of each student tuple to the sum of the credits of the courses that the student has successfully completed. Assume that if a student's grade in a course is neither 'F' nor null, then he has successfully completed the course. Use the set clause.
# Sql:
update student set tot_cred = (select sum(credits) from takes natural join course where student.ID = takes.ID and takes.grade <> 'F' and takes.grade is not null);
# Graph:

{
    ""nodes"": [
        {""id"" : 1, ""sql statement"" : ""select sum(credits) from takes;""},
        {""id"" : 2, ""sql statement"" : ""select sum(credits) from takes natural join course;""},
        {""id"" : 3, ""sql statement"" : ""select sum(credits) from takes natural join course where student.ID = takes.ID and takes.grade <> 'F' and takes.grade is not null;""},
        {""id"" : 4, ""sql statement"" : ""update student set tot_cred = (select sum(credits) from takes natural join course where student.ID = takes.ID and takes.grade <> 'F' and takes.grade is not null);""}
    ],
    ""edges"": [
        {""source"": 1, ""target"": 2},
        {""source"": 2, ""target"": 3},
        {""source"": 3, ""target"": 4}
    ]
}


## Example 3
# Requirement:
What is the complete address of the school with the lowest excellence rate? Indicate the Street, City, Zip and State.xecellence Rate = NumGE1500 / NumTstTakr; complete address has Street, City, Zip, State
# Sql:
SELECT T2.Street, T2.City, T2.Zip, T2.State FROM schools AS T2 INNER JOIN (SELECT cds, CAST(NumGE1500 AS REAL) / NumTstTakr AS rate FROM satscores WHERE NumGE1500 IS NOT NULL AND NumTstTakr IS NOT NULL AND NumTstTakr != 0) AS T1 ON T2.CDSCode = T1.cds WHERE T1.rate = (SELECT MIN(CAST(NumGE1500 AS REAL) / NumTstTakr) AS min_rate FROM satscores WHERE NumGE1500 IS NOT NULL AND NumTstTakr IS NOT NULL AND NumTstTakr != 0) ORDER BY T2.CDSCode;
# Graph:

{
    ""nodes"": [
        {""id"" : 1, ""sql statement"" : ""SELECT cds, CAST(NumGE1500 AS REAL) / NumTstTakr AS rate FROM satscores WHERE NumGE1500 IS NOT NULL AND NumTstTakr IS NOT NULL AND NumTstTakr != 0;""},
        {""id"" : 2, ""sql statement"" : ""SELECT MIN(CAST(NumGE1500 AS REAL) / NumTstTakr) AS min_rate FROM satscores WHERE NumGE1500 IS NOT NULL AND NumTstTakr IS NOT NULL AND NumTstTakr != 0;""},
        {""id"" : 3, ""sql statement"" : ""SELECT T2.Street, T2.City, T2.Zip, T2.State FROM schools AS T2 INNER JOIN (SELECT cds, CAST(NumGE1500 AS REAL) / NumTstTakr AS rate FROM satscores WHERE NumGE1500 IS NOT NULL AND NumTstTakr IS NOT NULL AND NumTstTakr != 0) AS T1 ON T2.CDSCode = T1.cds WHERE T1.rate = (SELECT MIN(CAST(NumGE1500 AS REAL) / NumTstTakr) AS min_rate FROM satscores WHERE NumGE1500 IS NOT NULL AND NumTstTakr IS NOT NULL AND NumTstTakr != 0) ORDER BY T2.CDSCode;""}
        ],
    ""edges"": [
        {""source"": 1, ""target"": 3},
        {""source"": 2, ""target"": 3}
    ]
}


Please build the graph according to the following Requirement and Sql. Please note that just output the final linear graph. Do not include any other superfluous descriptions.

# Requirements:
Is the molecule with the most double bonds carcinogenic?double bond refers to bond_type = ' = '; label = '+' mean molecules are carcinogenic
# Sql:
SELECT T1.label FROM molecule AS T1 INNER JOIN (SELECT T.molecule_id, COUNT(T.bond_type) AS bond_count FROM bond AS T WHERE T.bond_type = '=' GROUP BY T.molecule_id HAVING bond_count = (SELECT MAX(bond_count) FROM (SELECT molecule_id, COUNT(bond_type) AS bond_count FROM bond WHERE bond_type = '=' GROUP BY molecule_id) AS subquery) ORDER BY bond_count DESC) AS T2 ON T1.molecule_id = T2.molecule_id
# Graph:","SELECT T1.label FROM molecule AS T1 INNER JOIN (SELECT T.molecule_id, COUNT(T.bond_type) AS bond_count FROM bond AS T WHERE T.bond_type = '=' GROUP BY T.molecule_id HAVING bond_count = (SELECT MAX(bond_count) FROM (SELECT molecule_id, COUNT(bond_type) AS bond_count FROM bond WHERE bond_type = '=' GROUP BY molecule_id) AS subquery) ORDER BY bond_count DESC) AS T2 ON T1.molecule_id = T2.molecule_id",,
250,"The goal is to construct a directed graph representation from a given sqlite SQL statement to represent the gradual advancement of functional implementation and eventually complete all requirements.Each node in the graph represents a SQL statement, which is a subsequence of a given SQL statement, and the edge represents the execution order. Subsequent nodes are the progression of the previous node. ( please attention the last node should be the original given SQL statement. )This graph should faithfully reflect the topological execution order of SQL statements to achieve requirements. The following includes three cases, including requirements, Sql, and Graph.

## Example 1
# Requirement:
find which tracks were composed by composer's name contain Smith.
# Sql:
SELECT name,albumid,composer FROM tracks WHERE composer LIKE '%Smith%' ORDER BY albumid;
# Graph:

{
    ""nodes"": [
        {""id"" : 1, ""sql statement"" : ""SELECT name,albumid,composer FROM tracks;""},
        {""id"" : 2, ""sql statement"" : ""SELECT name,albumid,composer FROM tracks WHERE composer LIKE '%Smith%';""},
        {""id"" : 3, ""sql statement"" : ""SELECT name,albumid,composer FROM tracks WHERE composer LIKE '%Smith%' ORDER BY albumid;""}
    ],
    ""edges"": [
        {""source"": 1, ""target"": 2},
        {""source"": 2, ""target"": 3}
    ]
}


## Example 2
# Requirement:
We set the tot_cred attribute value of each student tuple to the sum of the credits of the courses that the student has successfully completed. Assume that if a student's grade in a course is neither 'F' nor null, then he has successfully completed the course. Use the set clause.
# Sql:
update student set tot_cred = (select sum(credits) from takes natural join course where student.ID = takes.ID and takes.grade <> 'F' and takes.grade is not null);
# Graph:

{
    ""nodes"": [
        {""id"" : 1, ""sql statement"" : ""select sum(credits) from takes;""},
        {""id"" : 2, ""sql statement"" : ""select sum(credits) from takes natural join course;""},
        {""id"" : 3, ""sql statement"" : ""select sum(credits) from takes natural join course where student.ID = takes.ID and takes.grade <> 'F' and takes.grade is not null;""},
        {""id"" : 4, ""sql statement"" : ""update student set tot_cred = (select sum(credits) from takes natural join course where student.ID = takes.ID and takes.grade <> 'F' and takes.grade is not null);""}
    ],
    ""edges"": [
        {""source"": 1, ""target"": 2},
        {""source"": 2, ""target"": 3},
        {""source"": 3, ""target"": 4}
    ]
}


## Example 3
# Requirement:
What is the complete address of the school with the lowest excellence rate? Indicate the Street, City, Zip and State.xecellence Rate = NumGE1500 / NumTstTakr; complete address has Street, City, Zip, State
# Sql:
SELECT T2.Street, T2.City, T2.Zip, T2.State FROM schools AS T2 INNER JOIN (SELECT cds, CAST(NumGE1500 AS REAL) / NumTstTakr AS rate FROM satscores WHERE NumGE1500 IS NOT NULL AND NumTstTakr IS NOT NULL AND NumTstTakr != 0) AS T1 ON T2.CDSCode = T1.cds WHERE T1.rate = (SELECT MIN(CAST(NumGE1500 AS REAL) / NumTstTakr) AS min_rate FROM satscores WHERE NumGE1500 IS NOT NULL AND NumTstTakr IS NOT NULL AND NumTstTakr != 0) ORDER BY T2.CDSCode;
# Graph:

{
    ""nodes"": [
        {""id"" : 1, ""sql statement"" : ""SELECT cds, CAST(NumGE1500 AS REAL) / NumTstTakr AS rate FROM satscores WHERE NumGE1500 IS NOT NULL AND NumTstTakr IS NOT NULL AND NumTstTakr != 0;""},
        {""id"" : 2, ""sql statement"" : ""SELECT MIN(CAST(NumGE1500 AS REAL) / NumTstTakr) AS min_rate FROM satscores WHERE NumGE1500 IS NOT NULL AND NumTstTakr IS NOT NULL AND NumTstTakr != 0;""},
        {""id"" : 3, ""sql statement"" : ""SELECT T2.Street, T2.City, T2.Zip, T2.State FROM schools AS T2 INNER JOIN (SELECT cds, CAST(NumGE1500 AS REAL) / NumTstTakr AS rate FROM satscores WHERE NumGE1500 IS NOT NULL AND NumTstTakr IS NOT NULL AND NumTstTakr != 0) AS T1 ON T2.CDSCode = T1.cds WHERE T1.rate = (SELECT MIN(CAST(NumGE1500 AS REAL) / NumTstTakr) AS min_rate FROM satscores WHERE NumGE1500 IS NOT NULL AND NumTstTakr IS NOT NULL AND NumTstTakr != 0) ORDER BY T2.CDSCode;""}
        ],
    ""edges"": [
        {""source"": 1, ""target"": 3},
        {""source"": 2, ""target"": 3}
    ]
}


Please build the graph according to the following Requirement and Sql. Please note that just output the final linear graph. Do not include any other superfluous descriptions.

# Requirements:
Of all the carcinogenic molecules, which one has the most double bonds?label = '+' mean molecules are carcinogenic; double bond refers to bond_type = ' = ';
# Sql:
SELECT T.molecule_id FROM (SELECT T3.molecule_id, COUNT(T1.bond_type) AS bond_count FROM bond AS T1 INNER JOIN molecule AS T3 ON T1.molecule_id = T3.molecule_id WHERE T3.label = '+' AND T1.bond_type = '=' GROUP BY T3.molecule_id HAVING bond_count = (SELECT MAX(bond_count) FROM (SELECT T3.molecule_id, COUNT(T1.bond_type) AS bond_count FROM bond AS T1 INNER JOIN molecule AS T3 ON T1.molecule_id = T3.molecule_id WHERE T3.label = '+' AND T1.bond_type = '=' GROUP BY T3.molecule_id) AS subquery) ORDER BY bond_count DESC) AS T
# Graph:","SELECT T.molecule_id FROM (SELECT T3.molecule_id, COUNT(T1.bond_type) AS bond_count FROM bond AS T1 INNER JOIN molecule AS T3 ON T1.molecule_id = T3.molecule_id WHERE T3.label = '+' AND T1.bond_type = '=' GROUP BY T3.molecule_id HAVING bond_count = (SELECT MAX(bond_count) FROM (SELECT T3.molecule_id, COUNT(T1.bond_type) AS bond_count FROM bond AS T1 INNER JOIN molecule AS T3 ON T1.molecule_id = T3.molecule_id WHERE T3.label = '+' AND T1.bond_type = '=' GROUP BY T3.molecule_id) AS subquery) ORDER BY bond_count DESC) AS T","{
    ""nodes"": [
        {""id"" : 1, ""sql statement"" : ""SELECT T3.molecule_id, COUNT(T1.bond_type) AS bond_count FROM bond AS T1 INNER JOIN molecule AS T3 ON T1.molecule_id = T3.molecule_id WHERE T3.label = '+' AND T1.bond_type = '=' GROUP BY T3.molecule_id;""},
        {""id"" : 2, ""sql statement"" : ""SELECT MAX(bond_count) FROM (SELECT T3.molecule_id, COUNT(T1.bond_type) AS bond_count FROM bond AS T1 INNER JOIN molecule AS T3 ON T1.molecule_id = T3.molecule_id WHERE T3.label = '+' AND T1.bond_type = '=' GROUP BY T3.molecule_id) AS subquery;""},
        {""id"" : 3, ""sql statement"" : ""SELECT T3.molecule_id, COUNT(T1.bond_type) AS bond_count FROM bond AS T1 INNER JOIN molecule AS T3 ON T1.molecule_id = T3.molecule_id WHERE T3.label = '+' AND T1.bond_type = '=' GROUP BY T3.molecule_id HAVING bond_count = (SELECT MAX(bond_count) FROM (SELECT T3.molecule_id, COUNT(T1.bond_type) AS bond_count FROM bond AS T1 INNER JOIN molecule AS T3 ON T1.molecule_id = T3.molecule_id WHERE T3.label = '+' AND T1.bond_type = '=' GROUP BY T3.molecule_id) AS subquery);""},
        {""id"" : 4, ""sql statement"" : ""SELECT T.molecule_id FROM (SELECT T3.molecule_id, COUNT(T1.bond_type) AS bond_count FROM bond AS T1 INNER JOIN molecule AS T3 ON T1.molecule_id = T3.molecule_id WHERE T3.label = '+' AND T1.bond_type = '=' GROUP BY T3.molecule_id HAVING bond_count = (SELECT MAX(bond_count) FROM (SELECT T3.molecule_id, COUNT(T1.bond_type) AS bond_count FROM bond AS T1 INNER JOIN molecule AS T3 ON T1.molecule_id = T3.molecule_id WHERE T3.label = '+' AND T1.bond_type = '=' GROUP BY T3.molecule_id) AS subquery) ORDER BY bond_count DESC) AS T;""}
    ],
    ""edges"": [
        {""source"": 1, ""target"": 2},
        {""source"": 1, ""target"": 3},
        {""source"": 2, ""target"": 3},
        {""source"": 3, ""target"": 4}
    ]
}",
342,"The goal is to construct a directed graph representation from a given sqlite SQL statement to represent the gradual advancement of functional implementation and eventually complete all requirements.Each node in the graph represents a SQL statement, which is a subsequence of a given SQL statement, and the edge represents the execution order. Subsequent nodes are the progression of the previous node. ( please attention the last node should be the original given SQL statement. )This graph should faithfully reflect the topological execution order of SQL statements to achieve requirements. The following includes three cases, including requirements, Sql, and Graph.

## Example 1
# Requirement:
find which tracks were composed by composer's name contain Smith.
# Sql:
SELECT name,albumid,composer FROM tracks WHERE composer LIKE '%Smith%' ORDER BY albumid;
# Graph:

{
    ""nodes"": [
        {""id"" : 1, ""sql statement"" : ""SELECT name,albumid,composer FROM tracks;""},
        {""id"" : 2, ""sql statement"" : ""SELECT name,albumid,composer FROM tracks WHERE composer LIKE '%Smith%';""},
        {""id"" : 3, ""sql statement"" : ""SELECT name,albumid,composer FROM tracks WHERE composer LIKE '%Smith%' ORDER BY albumid;""}
    ],
    ""edges"": [
        {""source"": 1, ""target"": 2},
        {""source"": 2, ""target"": 3}
    ]
}


## Example 2
# Requirement:
We set the tot_cred attribute value of each student tuple to the sum of the credits of the courses that the student has successfully completed. Assume that if a student's grade in a course is neither 'F' nor null, then he has successfully completed the course. Use the set clause.
# Sql:
update student set tot_cred = (select sum(credits) from takes natural join course where student.ID = takes.ID and takes.grade <> 'F' and takes.grade is not null);
# Graph:

{
    ""nodes"": [
        {""id"" : 1, ""sql statement"" : ""select sum(credits) from takes;""},
        {""id"" : 2, ""sql statement"" : ""select sum(credits) from takes natural join course;""},
        {""id"" : 3, ""sql statement"" : ""select sum(credits) from takes natural join course where student.ID = takes.ID and takes.grade <> 'F' and takes.grade is not null;""},
        {""id"" : 4, ""sql statement"" : ""update student set tot_cred = (select sum(credits) from takes natural join course where student.ID = takes.ID and takes.grade <> 'F' and takes.grade is not null);""}
    ],
    ""edges"": [
        {""source"": 1, ""target"": 2},
        {""source"": 2, ""target"": 3},
        {""source"": 3, ""target"": 4}
    ]
}


## Example 3
# Requirement:
What is the complete address of the school with the lowest excellence rate? Indicate the Street, City, Zip and State.xecellence Rate = NumGE1500 / NumTstTakr; complete address has Street, City, Zip, State
# Sql:
SELECT T2.Street, T2.City, T2.Zip, T2.State FROM schools AS T2 INNER JOIN (SELECT cds, CAST(NumGE1500 AS REAL) / NumTstTakr AS rate FROM satscores WHERE NumGE1500 IS NOT NULL AND NumTstTakr IS NOT NULL AND NumTstTakr != 0) AS T1 ON T2.CDSCode = T1.cds WHERE T1.rate = (SELECT MIN(CAST(NumGE1500 AS REAL) / NumTstTakr) AS min_rate FROM satscores WHERE NumGE1500 IS NOT NULL AND NumTstTakr IS NOT NULL AND NumTstTakr != 0) ORDER BY T2.CDSCode;
# Graph:

{
    ""nodes"": [
        {""id"" : 1, ""sql statement"" : ""SELECT cds, CAST(NumGE1500 AS REAL) / NumTstTakr AS rate FROM satscores WHERE NumGE1500 IS NOT NULL AND NumTstTakr IS NOT NULL AND NumTstTakr != 0;""},
        {""id"" : 2, ""sql statement"" : ""SELECT MIN(CAST(NumGE1500 AS REAL) / NumTstTakr) AS min_rate FROM satscores WHERE NumGE1500 IS NOT NULL AND NumTstTakr IS NOT NULL AND NumTstTakr != 0;""},
        {""id"" : 3, ""sql statement"" : ""SELECT T2.Street, T2.City, T2.Zip, T2.State FROM schools AS T2 INNER JOIN (SELECT cds, CAST(NumGE1500 AS REAL) / NumTstTakr AS rate FROM satscores WHERE NumGE1500 IS NOT NULL AND NumTstTakr IS NOT NULL AND NumTstTakr != 0) AS T1 ON T2.CDSCode = T1.cds WHERE T1.rate = (SELECT MIN(CAST(NumGE1500 AS REAL) / NumTstTakr) AS min_rate FROM satscores WHERE NumGE1500 IS NOT NULL AND NumTstTakr IS NOT NULL AND NumTstTakr != 0) ORDER BY T2.CDSCode;""}
        ],
    ""edges"": [
        {""source"": 1, ""target"": 3},
        {""source"": 2, ""target"": 3}
    ]
}


Please build the graph according to the following Requirement and Sql. Please note that just output the final linear graph. Do not include any other superfluous descriptions.

# Requirements:
List the card names with value that cost more converted mana for the face.more converted mana for the face refers to Max(faceConvertedManaCost);
# Sql:
SELECT name FROM cards WHERE faceConvertedManaCost IS NOT NULL AND faceConvertedManaCost = (SELECT MAX(faceConvertedManaCost)  FROM cards  WHERE faceConvertedManaCost IS NOT NULL)
# Graph:","SELECT name FROM cards WHERE faceConvertedManaCost IS NOT NULL AND faceConvertedManaCost = (SELECT MAX(faceConvertedManaCost)  FROM cards  WHERE faceConvertedManaCost IS NOT NULL)
","{
    ""nodes"": [
        {""id"" : 1, ""sql statement"" : ""SELECT MAX(faceConvertedManaCost) FROM cards WHERE faceConvertedManaCost IS NOT NULL;""},
        {""id"" : 2, ""sql statement"" : ""SELECT name FROM cards WHERE faceConvertedManaCost IS NOT NULL AND faceConvertedManaCost = (SELECT MAX(faceConvertedManaCost) FROM cards WHERE faceConvertedManaCost IS NOT NULL);""}
    ],
    ""edges"": [
        {""source"": 1, ""target"": 2}
    ]
}",
432,"The goal is to construct a directed graph representation from a given sqlite SQL statement to represent the gradual advancement of functional implementation and eventually complete all requirements.Each node in the graph represents a SQL statement, which is a subsequence of a given SQL statement, and the edge represents the execution order. Subsequent nodes are the progression of the previous node. ( please attention the last node should be the original given SQL statement. )This graph should faithfully reflect the topological execution order of SQL statements to achieve requirements. The following includes three cases, including requirements, Sql, and Graph.

## Example 1
# Requirement:
find which tracks were composed by composer's name contain Smith.
# Sql:
SELECT name,albumid,composer FROM tracks WHERE composer LIKE '%Smith%' ORDER BY albumid;
# Graph:

{
    ""nodes"": [
        {""id"" : 1, ""sql statement"" : ""SELECT name,albumid,composer FROM tracks;""},
        {""id"" : 2, ""sql statement"" : ""SELECT name,albumid,composer FROM tracks WHERE composer LIKE '%Smith%';""},
        {""id"" : 3, ""sql statement"" : ""SELECT name,albumid,composer FROM tracks WHERE composer LIKE '%Smith%' ORDER BY albumid;""}
    ],
    ""edges"": [
        {""source"": 1, ""target"": 2},
        {""source"": 2, ""target"": 3}
    ]
}


## Example 2
# Requirement:
We set the tot_cred attribute value of each student tuple to the sum of the credits of the courses that the student has successfully completed. Assume that if a student's grade in a course is neither 'F' nor null, then he has successfully completed the course. Use the set clause.
# Sql:
update student set tot_cred = (select sum(credits) from takes natural join course where student.ID = takes.ID and takes.grade <> 'F' and takes.grade is not null);
# Graph:

{
    ""nodes"": [
        {""id"" : 1, ""sql statement"" : ""select sum(credits) from takes;""},
        {""id"" : 2, ""sql statement"" : ""select sum(credits) from takes natural join course;""},
        {""id"" : 3, ""sql statement"" : ""select sum(credits) from takes natural join course where student.ID = takes.ID and takes.grade <> 'F' and takes.grade is not null;""},
        {""id"" : 4, ""sql statement"" : ""update student set tot_cred = (select sum(credits) from takes natural join course where student.ID = takes.ID and takes.grade <> 'F' and takes.grade is not null);""}
    ],
    ""edges"": [
        {""source"": 1, ""target"": 2},
        {""source"": 2, ""target"": 3},
        {""source"": 3, ""target"": 4}
    ]
}


## Example 3
# Requirement:
What is the complete address of the school with the lowest excellence rate? Indicate the Street, City, Zip and State.xecellence Rate = NumGE1500 / NumTstTakr; complete address has Street, City, Zip, State
# Sql:
SELECT T2.Street, T2.City, T2.Zip, T2.State FROM schools AS T2 INNER JOIN (SELECT cds, CAST(NumGE1500 AS REAL) / NumTstTakr AS rate FROM satscores WHERE NumGE1500 IS NOT NULL AND NumTstTakr IS NOT NULL AND NumTstTakr != 0) AS T1 ON T2.CDSCode = T1.cds WHERE T1.rate = (SELECT MIN(CAST(NumGE1500 AS REAL) / NumTstTakr) AS min_rate FROM satscores WHERE NumGE1500 IS NOT NULL AND NumTstTakr IS NOT NULL AND NumTstTakr != 0) ORDER BY T2.CDSCode;
# Graph:

{
    ""nodes"": [
        {""id"" : 1, ""sql statement"" : ""SELECT cds, CAST(NumGE1500 AS REAL) / NumTstTakr AS rate FROM satscores WHERE NumGE1500 IS NOT NULL AND NumTstTakr IS NOT NULL AND NumTstTakr != 0;""},
        {""id"" : 2, ""sql statement"" : ""SELECT MIN(CAST(NumGE1500 AS REAL) / NumTstTakr) AS min_rate FROM satscores WHERE NumGE1500 IS NOT NULL AND NumTstTakr IS NOT NULL AND NumTstTakr != 0;""},
        {""id"" : 3, ""sql statement"" : ""SELECT T2.Street, T2.City, T2.Zip, T2.State FROM schools AS T2 INNER JOIN (SELECT cds, CAST(NumGE1500 AS REAL) / NumTstTakr AS rate FROM satscores WHERE NumGE1500 IS NOT NULL AND NumTstTakr IS NOT NULL AND NumTstTakr != 0) AS T1 ON T2.CDSCode = T1.cds WHERE T1.rate = (SELECT MIN(CAST(NumGE1500 AS REAL) / NumTstTakr) AS min_rate FROM satscores WHERE NumGE1500 IS NOT NULL AND NumTstTakr IS NOT NULL AND NumTstTakr != 0) ORDER BY T2.CDSCode;""}
        ],
    ""edges"": [
        {""source"": 1, ""target"": 3},
        {""source"": 2, ""target"": 3}
    ]
}


Please build the graph according to the following Requirement and Sql. Please note that just output the final linear graph. Do not include any other superfluous descriptions.

# Requirements:
Which Russian set of cards contains the most cards overall?Russian refers to language = 'Russian'; contains the most cards overall refers to MAX(baseSetSize)
# Sql:
SELECT T1.id FROM sets AS T1 INNER JOIN set_translations AS T2 ON T1.code = T2.setCode WHERE T2.language = 'Russian' GROUP BY T1.baseSetSize HAVING COUNT(T1.id) = (SELECT MAX(card_count) FROM (SELECT COUNT(T1.id) AS card_count FROM sets AS T1 INNER JOIN set_translations AS T2 ON T1.code = T2.setCode WHERE T2.language = 'Russian' GROUP BY T1.baseSetSize) AS subquery)
# Graph:",SELECT T1.id FROM sets AS T1 INNER JOIN set_translations AS T2 ON T1.code = T2.setCode WHERE T2.language = 'Russian' GROUP BY T1.baseSetSize HAVING COUNT(T1.id) = (SELECT MAX(card_count) FROM (SELECT COUNT(T1.id) AS card_count FROM sets AS T1 INNER JOIN set_translations AS T2 ON T1.code = T2.setCode WHERE T2.language = 'Russian' GROUP BY T1.baseSetSize) AS subquery),"{
    ""nodes"": [
        {""id"" : 1, ""sql statement"" : ""SELECT COUNT(T1.id) AS card_count FROM sets AS T1 INNER JOIN set_translations AS T2 ON T1.code = T2.setCode WHERE T2.language = 'Russian' GROUP BY T1.baseSetSize;""},
        {""id"" : 2, ""sql statement"" : ""SELECT MAX(card_count) FROM (SELECT COUNT(T1.id) AS card_count FROM sets AS T1 INNER JOIN set_translations AS T2 ON T1.code = T2.setCode WHERE T2.language = 'Russian' GROUP BY T1.baseSetSize) AS subquery;""},
        {""id"" : 3, ""sql statement"" : ""SELECT T1.id FROM sets AS T1 INNER JOIN set_translations AS T2 ON T1.code = T2.setCode WHERE T2.language = 'Russian' GROUP BY T1.baseSetSize HAVING COUNT(T1.id) = (SELECT MAX(card_count) FROM (SELECT COUNT(T1.id) AS card_count FROM sets AS T1 INNER JOIN set_translations AS T2 ON T1.code = T2.setCode WHERE T2.language = 'Russian' GROUP BY T1.baseSetSize) AS subquery);"" }
    ],
    ""edges"": [
        {""source"": 1, ""target"": 2},
        {""source"": 2, ""target"": 3}
    ]
}",
476,"The goal is to construct a directed graph representation from a given sqlite SQL statement to represent the gradual advancement of functional implementation and eventually complete all requirements.Each node in the graph represents a SQL statement, which is a subsequence of a given SQL statement, and the edge represents the execution order. Subsequent nodes are the progression of the previous node. ( please attention the last node should be the original given SQL statement. )This graph should faithfully reflect the topological execution order of SQL statements to achieve requirements. The following includes three cases, including requirements, Sql, and Graph.

## Example 1
# Requirement:
find which tracks were composed by composer's name contain Smith.
# Sql:
SELECT name,albumid,composer FROM tracks WHERE composer LIKE '%Smith%' ORDER BY albumid;
# Graph:

{
    ""nodes"": [
        {""id"" : 1, ""sql statement"" : ""SELECT name,albumid,composer FROM tracks;""},
        {""id"" : 2, ""sql statement"" : ""SELECT name,albumid,composer FROM tracks WHERE composer LIKE '%Smith%';""},
        {""id"" : 3, ""sql statement"" : ""SELECT name,albumid,composer FROM tracks WHERE composer LIKE '%Smith%' ORDER BY albumid;""}
    ],
    ""edges"": [
        {""source"": 1, ""target"": 2},
        {""source"": 2, ""target"": 3}
    ]
}


## Example 2
# Requirement:
We set the tot_cred attribute value of each student tuple to the sum of the credits of the courses that the student has successfully completed. Assume that if a student's grade in a course is neither 'F' nor null, then he has successfully completed the course. Use the set clause.
# Sql:
update student set tot_cred = (select sum(credits) from takes natural join course where student.ID = takes.ID and takes.grade <> 'F' and takes.grade is not null);
# Graph:

{
    ""nodes"": [
        {""id"" : 1, ""sql statement"" : ""select sum(credits) from takes;""},
        {""id"" : 2, ""sql statement"" : ""select sum(credits) from takes natural join course;""},
        {""id"" : 3, ""sql statement"" : ""select sum(credits) from takes natural join course where student.ID = takes.ID and takes.grade <> 'F' and takes.grade is not null;""},
        {""id"" : 4, ""sql statement"" : ""update student set tot_cred = (select sum(credits) from takes natural join course where student.ID = takes.ID and takes.grade <> 'F' and takes.grade is not null);""}
    ],
    ""edges"": [
        {""source"": 1, ""target"": 2},
        {""source"": 2, ""target"": 3},
        {""source"": 3, ""target"": 4}
    ]
}


## Example 3
# Requirement:
What is the complete address of the school with the lowest excellence rate? Indicate the Street, City, Zip and State.xecellence Rate = NumGE1500 / NumTstTakr; complete address has Street, City, Zip, State
# Sql:
SELECT T2.Street, T2.City, T2.Zip, T2.State FROM schools AS T2 INNER JOIN (SELECT cds, CAST(NumGE1500 AS REAL) / NumTstTakr AS rate FROM satscores WHERE NumGE1500 IS NOT NULL AND NumTstTakr IS NOT NULL AND NumTstTakr != 0) AS T1 ON T2.CDSCode = T1.cds WHERE T1.rate = (SELECT MIN(CAST(NumGE1500 AS REAL) / NumTstTakr) AS min_rate FROM satscores WHERE NumGE1500 IS NOT NULL AND NumTstTakr IS NOT NULL AND NumTstTakr != 0) ORDER BY T2.CDSCode;
# Graph:

{
    ""nodes"": [
        {""id"" : 1, ""sql statement"" : ""SELECT cds, CAST(NumGE1500 AS REAL) / NumTstTakr AS rate FROM satscores WHERE NumGE1500 IS NOT NULL AND NumTstTakr IS NOT NULL AND NumTstTakr != 0;""},
        {""id"" : 2, ""sql statement"" : ""SELECT MIN(CAST(NumGE1500 AS REAL) / NumTstTakr) AS min_rate FROM satscores WHERE NumGE1500 IS NOT NULL AND NumTstTakr IS NOT NULL AND NumTstTakr != 0;""},
        {""id"" : 3, ""sql statement"" : ""SELECT T2.Street, T2.City, T2.Zip, T2.State FROM schools AS T2 INNER JOIN (SELECT cds, CAST(NumGE1500 AS REAL) / NumTstTakr AS rate FROM satscores WHERE NumGE1500 IS NOT NULL AND NumTstTakr IS NOT NULL AND NumTstTakr != 0) AS T1 ON T2.CDSCode = T1.cds WHERE T1.rate = (SELECT MIN(CAST(NumGE1500 AS REAL) / NumTstTakr) AS min_rate FROM satscores WHERE NumGE1500 IS NOT NULL AND NumTstTakr IS NOT NULL AND NumTstTakr != 0) ORDER BY T2.CDSCode;""}
        ],
    ""edges"": [
        {""source"": 1, ""target"": 3},
        {""source"": 2, ""target"": 3}
    ]
}


Please build the graph according to the following Requirement and Sql. Please note that just output the final linear graph. Do not include any other superfluous descriptions.

# Requirements:
Please list the name of the cards in the set Coldsnap with the highest converted mana cost.card set Coldsnap refers to name = 'Coldsnap'
# Sql:
SELECT T1.name FROM cards AS T1 INNER JOIN sets AS T2 ON T2.code = T1.setCode WHERE T2.name = 'Coldsnap' AND T1.convertedManaCost = (SELECT MAX(convertedManaCost)  FROM cards AS T1 INNER JOIN sets AS T2 ON T2.code = T1.setCode WHERE T2.name = 'Coldsnap')
# Graph:",SELECT T1.name FROM cards AS T1 INNER JOIN sets AS T2 ON T2.code = T1.setCode WHERE T2.name = 'Coldsnap' AND T1.convertedManaCost = (SELECT MAX(convertedManaCost)  FROM cards AS T1 INNER JOIN sets AS T2 ON T2.code = T1.setCode WHERE T2.name = 'Coldsnap'),,
484,"The goal is to construct a directed graph representation from a given sqlite SQL statement to represent the gradual advancement of functional implementation and eventually complete all requirements.Each node in the graph represents a SQL statement, which is a subsequence of a given SQL statement, and the edge represents the execution order. Subsequent nodes are the progression of the previous node. ( please attention the last node should be the original given SQL statement. )This graph should faithfully reflect the topological execution order of SQL statements to achieve requirements. The following includes three cases, including requirements, Sql, and Graph.

## Example 1
# Requirement:
find which tracks were composed by composer's name contain Smith.
# Sql:
SELECT name,albumid,composer FROM tracks WHERE composer LIKE '%Smith%' ORDER BY albumid;
# Graph:

{
    ""nodes"": [
        {""id"" : 1, ""sql statement"" : ""SELECT name,albumid,composer FROM tracks;""},
        {""id"" : 2, ""sql statement"" : ""SELECT name,albumid,composer FROM tracks WHERE composer LIKE '%Smith%';""},
        {""id"" : 3, ""sql statement"" : ""SELECT name,albumid,composer FROM tracks WHERE composer LIKE '%Smith%' ORDER BY albumid;""}
    ],
    ""edges"": [
        {""source"": 1, ""target"": 2},
        {""source"": 2, ""target"": 3}
    ]
}


## Example 2
# Requirement:
We set the tot_cred attribute value of each student tuple to the sum of the credits of the courses that the student has successfully completed. Assume that if a student's grade in a course is neither 'F' nor null, then he has successfully completed the course. Use the set clause.
# Sql:
update student set tot_cred = (select sum(credits) from takes natural join course where student.ID = takes.ID and takes.grade <> 'F' and takes.grade is not null);
# Graph:

{
    ""nodes"": [
        {""id"" : 1, ""sql statement"" : ""select sum(credits) from takes;""},
        {""id"" : 2, ""sql statement"" : ""select sum(credits) from takes natural join course;""},
        {""id"" : 3, ""sql statement"" : ""select sum(credits) from takes natural join course where student.ID = takes.ID and takes.grade <> 'F' and takes.grade is not null;""},
        {""id"" : 4, ""sql statement"" : ""update student set tot_cred = (select sum(credits) from takes natural join course where student.ID = takes.ID and takes.grade <> 'F' and takes.grade is not null);""}
    ],
    ""edges"": [
        {""source"": 1, ""target"": 2},
        {""source"": 2, ""target"": 3},
        {""source"": 3, ""target"": 4}
    ]
}


## Example 3
# Requirement:
What is the complete address of the school with the lowest excellence rate? Indicate the Street, City, Zip and State.xecellence Rate = NumGE1500 / NumTstTakr; complete address has Street, City, Zip, State
# Sql:
SELECT T2.Street, T2.City, T2.Zip, T2.State FROM schools AS T2 INNER JOIN (SELECT cds, CAST(NumGE1500 AS REAL) / NumTstTakr AS rate FROM satscores WHERE NumGE1500 IS NOT NULL AND NumTstTakr IS NOT NULL AND NumTstTakr != 0) AS T1 ON T2.CDSCode = T1.cds WHERE T1.rate = (SELECT MIN(CAST(NumGE1500 AS REAL) / NumTstTakr) AS min_rate FROM satscores WHERE NumGE1500 IS NOT NULL AND NumTstTakr IS NOT NULL AND NumTstTakr != 0) ORDER BY T2.CDSCode;
# Graph:

{
    ""nodes"": [
        {""id"" : 1, ""sql statement"" : ""SELECT cds, CAST(NumGE1500 AS REAL) / NumTstTakr AS rate FROM satscores WHERE NumGE1500 IS NOT NULL AND NumTstTakr IS NOT NULL AND NumTstTakr != 0;""},
        {""id"" : 2, ""sql statement"" : ""SELECT MIN(CAST(NumGE1500 AS REAL) / NumTstTakr) AS min_rate FROM satscores WHERE NumGE1500 IS NOT NULL AND NumTstTakr IS NOT NULL AND NumTstTakr != 0;""},
        {""id"" : 3, ""sql statement"" : ""SELECT T2.Street, T2.City, T2.Zip, T2.State FROM schools AS T2 INNER JOIN (SELECT cds, CAST(NumGE1500 AS REAL) / NumTstTakr AS rate FROM satscores WHERE NumGE1500 IS NOT NULL AND NumTstTakr IS NOT NULL AND NumTstTakr != 0) AS T1 ON T2.CDSCode = T1.cds WHERE T1.rate = (SELECT MIN(CAST(NumGE1500 AS REAL) / NumTstTakr) AS min_rate FROM satscores WHERE NumGE1500 IS NOT NULL AND NumTstTakr IS NOT NULL AND NumTstTakr != 0) ORDER BY T2.CDSCode;""}
        ],
    ""edges"": [
        {""source"": 1, ""target"": 3},
        {""source"": 2, ""target"": 3}
    ]
}


Please build the graph according to the following Requirement and Sql. Please note that just output the final linear graph. Do not include any other superfluous descriptions.

# Requirements:
Please list the Italian names of the cards in the set Coldsnap with the highest converted mana cost.card set Coldsnap refers to name = 'Coldsnap'; Italian refers to language = 'Italian'
# Sql:
SELECT T2.name FROM foreign_data AS T1 INNER JOIN cards AS T2 ON T2.uuid = T1.uuid INNER JOIN sets AS T3 ON T3.code = T2.setCode WHERE T3.name = 'Coldsnap' AND T1.language = 'Italian' AND T2.convertedManaCost = (SELECT MAX(convertedManaCost) FROM foreign_data AS T1 INNER JOIN cards AS T2 ON T2.uuid = T1.uuid INNER JOIN sets AS T3 ON T3.code = T2.setCode WHERE T3.name = 'Coldsnap' AND T1.language = 'Italian')
# Graph:",SELECT T2.name FROM foreign_data AS T1 INNER JOIN cards AS T2 ON T2.uuid = T1.uuid INNER JOIN sets AS T3 ON T3.code = T2.setCode WHERE T3.name = 'Coldsnap' AND T1.language = 'Italian' AND T2.convertedManaCost = (SELECT MAX(convertedManaCost) FROM foreign_data AS T1 INNER JOIN cards AS T2 ON T2.uuid = T1.uuid INNER JOIN sets AS T3 ON T3.code = T2.setCode WHERE T3.name = 'Coldsnap' AND T1.language = 'Italian'),"{
    ""nodes"": [
        {""id"" : 1, ""sql statement"" : ""SELECT T2.name FROM foreign_data AS T1 INNER JOIN cards AS T2 ON T2.uuid = T1.uuid INNER JOIN sets AS T3 ON T3.code = T2.setCode WHERE T3.name = 'Coldsnap' AND T1.language = 'Italian';""},
        {""id"" : 2, ""sql statement"" : ""SELECT MAX(convertedManaCost) FROM foreign_data AS T1 INNER JOIN cards AS T2 ON T2.uuid = T1.uuid INNER JOIN sets AS T3 ON T3.code = T2.setCode WHERE T3.name = 'Coldsnap' AND T1.language = 'Italian';""},
        {""id"" : 3, ""sql statement"" : ""SELECT T2.name FROM foreign_data AS T1 INNER JOIN cards AS T2 ON T2.uuid = T1.uuid INNER JOIN sets AS T3 ON T3.code = T2.setCode WHERE T3.name = 'Coldsnap' AND T1.language = 'Italian' AND T2.convertedManaCost = (SELECT MAX(convertedManaCost) FROM foreign_data AS T1 INNER JOIN cards AS T2 ON T2.uuid = T1.uuid INNER JOIN sets AS T3 ON T3.code = T2.setCode WHERE T3.name = 'Coldsnap' AND T1.language = 'Italian');""}
    ],
    ""edges"": [
        {""source"": 1, ""target"": 3},
        {""source"": 2, ""target"": 3}
    ]
}"
515,"The goal is to construct a directed graph representation from a given sqlite SQL statement to represent the gradual advancement of functional implementation and eventually complete all requirements.Each node in the graph represents a SQL statement, which is a subsequence of a given SQL statement, and the edge represents the execution order. Subsequent nodes are the progression of the previous node. ( please attention the last node should be the original given SQL statement. )This graph should faithfully reflect the topological execution order of SQL statements to achieve requirements. The following includes three cases, including requirements, Sql, and Graph.

## Example 1
# Requirement:
find which tracks were composed by composer's name contain Smith.
# Sql:
SELECT name,albumid,composer FROM tracks WHERE composer LIKE '%Smith%' ORDER BY albumid;
# Graph:

{
    ""nodes"": [
        {""id"" : 1, ""sql statement"" : ""SELECT name,albumid,composer FROM tracks;""},
        {""id"" : 2, ""sql statement"" : ""SELECT name,albumid,composer FROM tracks WHERE composer LIKE '%Smith%';""},
        {""id"" : 3, ""sql statement"" : ""SELECT name,albumid,composer FROM tracks WHERE composer LIKE '%Smith%' ORDER BY albumid;""}
    ],
    ""edges"": [
        {""source"": 1, ""target"": 2},
        {""source"": 2, ""target"": 3}
    ]
}


## Example 2
# Requirement:
We set the tot_cred attribute value of each student tuple to the sum of the credits of the courses that the student has successfully completed. Assume that if a student's grade in a course is neither 'F' nor null, then he has successfully completed the course. Use the set clause.
# Sql:
update student set tot_cred = (select sum(credits) from takes natural join course where student.ID = takes.ID and takes.grade <> 'F' and takes.grade is not null);
# Graph:

{
    ""nodes"": [
        {""id"" : 1, ""sql statement"" : ""select sum(credits) from takes;""},
        {""id"" : 2, ""sql statement"" : ""select sum(credits) from takes natural join course;""},
        {""id"" : 3, ""sql statement"" : ""select sum(credits) from takes natural join course where student.ID = takes.ID and takes.grade <> 'F' and takes.grade is not null;""},
        {""id"" : 4, ""sql statement"" : ""update student set tot_cred = (select sum(credits) from takes natural join course where student.ID = takes.ID and takes.grade <> 'F' and takes.grade is not null);""}
    ],
    ""edges"": [
        {""source"": 1, ""target"": 2},
        {""source"": 2, ""target"": 3},
        {""source"": 3, ""target"": 4}
    ]
}


## Example 3
# Requirement:
What is the complete address of the school with the lowest excellence rate? Indicate the Street, City, Zip and State.xecellence Rate = NumGE1500 / NumTstTakr; complete address has Street, City, Zip, State
# Sql:
SELECT T2.Street, T2.City, T2.Zip, T2.State FROM schools AS T2 INNER JOIN (SELECT cds, CAST(NumGE1500 AS REAL) / NumTstTakr AS rate FROM satscores WHERE NumGE1500 IS NOT NULL AND NumTstTakr IS NOT NULL AND NumTstTakr != 0) AS T1 ON T2.CDSCode = T1.cds WHERE T1.rate = (SELECT MIN(CAST(NumGE1500 AS REAL) / NumTstTakr) AS min_rate FROM satscores WHERE NumGE1500 IS NOT NULL AND NumTstTakr IS NOT NULL AND NumTstTakr != 0) ORDER BY T2.CDSCode;
# Graph:

{
    ""nodes"": [
        {""id"" : 1, ""sql statement"" : ""SELECT cds, CAST(NumGE1500 AS REAL) / NumTstTakr AS rate FROM satscores WHERE NumGE1500 IS NOT NULL AND NumTstTakr IS NOT NULL AND NumTstTakr != 0;""},
        {""id"" : 2, ""sql statement"" : ""SELECT MIN(CAST(NumGE1500 AS REAL) / NumTstTakr) AS min_rate FROM satscores WHERE NumGE1500 IS NOT NULL AND NumTstTakr IS NOT NULL AND NumTstTakr != 0;""},
        {""id"" : 3, ""sql statement"" : ""SELECT T2.Street, T2.City, T2.Zip, T2.State FROM schools AS T2 INNER JOIN (SELECT cds, CAST(NumGE1500 AS REAL) / NumTstTakr AS rate FROM satscores WHERE NumGE1500 IS NOT NULL AND NumTstTakr IS NOT NULL AND NumTstTakr != 0) AS T1 ON T2.CDSCode = T1.cds WHERE T1.rate = (SELECT MIN(CAST(NumGE1500 AS REAL) / NumTstTakr) AS min_rate FROM satscores WHERE NumGE1500 IS NOT NULL AND NumTstTakr IS NOT NULL AND NumTstTakr != 0) ORDER BY T2.CDSCode;""}
        ],
    ""edges"": [
        {""source"": 1, ""target"": 3},
        {""source"": 2, ""target"": 3}
    ]
}


Please build the graph according to the following Requirement and Sql. Please note that just output the final linear graph. Do not include any other superfluous descriptions.

# Requirements:
When was the oldest mythic card released and what are its legal play formats?the oldest card refers to MIN(originalReleaseDate); mythic card refers to rarity = 'mythic'; legal play refers to status = 'legal'; play format refers to format
# Sql:
SELECT T1.originalReleaseDate, T2.format FROM cards AS T1 INNER JOIN legalities AS T2 ON T1.uuid = T2.uuid WHERE T1.rarity = 'mythic' AND T1.originalReleaseDate IS NOT NULL AND T2.status = 'Legal' AND T1.originalReleaseDate = (SELECT MIN(originalReleaseDate) FROM cards AS T1 INNER JOIN legalities AS T2 ON T1.uuid = T2.uuid WHERE T1.rarity = 'mythic' AND T1.originalReleaseDate IS NOT NULL AND T2.status = 'Legal')
# Graph:","SELECT T1.originalReleaseDate, T2.format FROM cards AS T1 INNER JOIN legalities AS T2 ON T1.uuid = T2.uuid WHERE T1.rarity = 'mythic' AND T1.originalReleaseDate IS NOT NULL AND T2.status = 'Legal' AND T1.originalReleaseDate = (SELECT MIN(originalReleaseDate) FROM cards AS T1 INNER JOIN legalities AS T2 ON T1.uuid = T2.uuid WHERE T1.rarity = 'mythic' AND T1.originalReleaseDate IS NOT NULL AND T2.status = 'Legal')",,
610,"The goal is to construct a directed graph representation from a given sqlite SQL statement to represent the gradual advancement of functional implementation and eventually complete all requirements.Each node in the graph represents a SQL statement, which is a subsequence of a given SQL statement, and the edge represents the execution order. Subsequent nodes are the progression of the previous node. ( please attention the last node should be the original given SQL statement. )This graph should faithfully reflect the topological execution order of SQL statements to achieve requirements. The following includes three cases, including requirements, Sql, and Graph.

## Example 1
# Requirement:
find which tracks were composed by composer's name contain Smith.
# Sql:
SELECT name,albumid,composer FROM tracks WHERE composer LIKE '%Smith%' ORDER BY albumid;
# Graph:

{
    ""nodes"": [
        {""id"" : 1, ""sql statement"" : ""SELECT name,albumid,composer FROM tracks;""},
        {""id"" : 2, ""sql statement"" : ""SELECT name,albumid,composer FROM tracks WHERE composer LIKE '%Smith%';""},
        {""id"" : 3, ""sql statement"" : ""SELECT name,albumid,composer FROM tracks WHERE composer LIKE '%Smith%' ORDER BY albumid;""}
    ],
    ""edges"": [
        {""source"": 1, ""target"": 2},
        {""source"": 2, ""target"": 3}
    ]
}


## Example 2
# Requirement:
We set the tot_cred attribute value of each student tuple to the sum of the credits of the courses that the student has successfully completed. Assume that if a student's grade in a course is neither 'F' nor null, then he has successfully completed the course. Use the set clause.
# Sql:
update student set tot_cred = (select sum(credits) from takes natural join course where student.ID = takes.ID and takes.grade <> 'F' and takes.grade is not null);
# Graph:

{
    ""nodes"": [
        {""id"" : 1, ""sql statement"" : ""select sum(credits) from takes;""},
        {""id"" : 2, ""sql statement"" : ""select sum(credits) from takes natural join course;""},
        {""id"" : 3, ""sql statement"" : ""select sum(credits) from takes natural join course where student.ID = takes.ID and takes.grade <> 'F' and takes.grade is not null;""},
        {""id"" : 4, ""sql statement"" : ""update student set tot_cred = (select sum(credits) from takes natural join course where student.ID = takes.ID and takes.grade <> 'F' and takes.grade is not null);""}
    ],
    ""edges"": [
        {""source"": 1, ""target"": 2},
        {""source"": 2, ""target"": 3},
        {""source"": 3, ""target"": 4}
    ]
}


## Example 3
# Requirement:
What is the complete address of the school with the lowest excellence rate? Indicate the Street, City, Zip and State.xecellence Rate = NumGE1500 / NumTstTakr; complete address has Street, City, Zip, State
# Sql:
SELECT T2.Street, T2.City, T2.Zip, T2.State FROM schools AS T2 INNER JOIN (SELECT cds, CAST(NumGE1500 AS REAL) / NumTstTakr AS rate FROM satscores WHERE NumGE1500 IS NOT NULL AND NumTstTakr IS NOT NULL AND NumTstTakr != 0) AS T1 ON T2.CDSCode = T1.cds WHERE T1.rate = (SELECT MIN(CAST(NumGE1500 AS REAL) / NumTstTakr) AS min_rate FROM satscores WHERE NumGE1500 IS NOT NULL AND NumTstTakr IS NOT NULL AND NumTstTakr != 0) ORDER BY T2.CDSCode;
# Graph:

{
    ""nodes"": [
        {""id"" : 1, ""sql statement"" : ""SELECT cds, CAST(NumGE1500 AS REAL) / NumTstTakr AS rate FROM satscores WHERE NumGE1500 IS NOT NULL AND NumTstTakr IS NOT NULL AND NumTstTakr != 0;""},
        {""id"" : 2, ""sql statement"" : ""SELECT MIN(CAST(NumGE1500 AS REAL) / NumTstTakr) AS min_rate FROM satscores WHERE NumGE1500 IS NOT NULL AND NumTstTakr IS NOT NULL AND NumTstTakr != 0;""},
        {""id"" : 3, ""sql statement"" : ""SELECT T2.Street, T2.City, T2.Zip, T2.State FROM schools AS T2 INNER JOIN (SELECT cds, CAST(NumGE1500 AS REAL) / NumTstTakr AS rate FROM satscores WHERE NumGE1500 IS NOT NULL AND NumTstTakr IS NOT NULL AND NumTstTakr != 0) AS T1 ON T2.CDSCode = T1.cds WHERE T1.rate = (SELECT MIN(CAST(NumGE1500 AS REAL) / NumTstTakr) AS min_rate FROM satscores WHERE NumGE1500 IS NOT NULL AND NumTstTakr IS NOT NULL AND NumTstTakr != 0) ORDER BY T2.CDSCode;""}
        ],
    ""edges"": [
        {""source"": 1, ""target"": 3},
        {""source"": 2, ""target"": 3}
    ]
}


Please build the graph according to the following Requirement and Sql. Please note that just output the final linear graph. Do not include any other superfluous descriptions.

# Requirements:
What are the names of badges that users who have the highest reputation obtained?highest reputation refers to Max(Reputation); user refers to UserId
# Sql:
SELECT T2.name FROM users AS T1 INNER JOIN badges AS T2 ON T1.Id = T2.UserId WHERE T1.Reputation = (SELECT MAX(Reputation) FROM users)
# Graph:",SELECT T2.name FROM users AS T1 INNER JOIN badges AS T2 ON T1.Id = T2.UserId WHERE T1.Reputation = (SELECT MAX(Reputation) FROM users),"{
    ""nodes"": [
        {""id"" : 1, ""sql statement"" : ""SELECT MAX(Reputation) FROM users;""},
        {""id"" : 2, ""sql statement"" : ""SELECT T2.name FROM users AS T1 INNER JOIN badges AS T2 ON T1.Id = T2.UserId;""},
        {""id"" : 3, ""sql statement"" : ""SELECT T2.name FROM users AS T1 INNER JOIN badges AS T2 ON T1.Id = T2.UserId WHERE T1.Reputation = (SELECT MAX(Reputation) FROM users);""}
    ],
    ""edges"": [
        {""source"": 1, ""target"": 3},
        {""source"": 2, ""target"": 3}
    ]
}",
621,"The goal is to construct a directed graph representation from a given sqlite SQL statement to represent the gradual advancement of functional implementation and eventually complete all requirements.Each node in the graph represents a SQL statement, which is a subsequence of a given SQL statement, and the edge represents the execution order. Subsequent nodes are the progression of the previous node. ( please attention the last node should be the original given SQL statement. )This graph should faithfully reflect the topological execution order of SQL statements to achieve requirements. The following includes three cases, including requirements, Sql, and Graph.

## Example 1
# Requirement:
find which tracks were composed by composer's name contain Smith.
# Sql:
SELECT name,albumid,composer FROM tracks WHERE composer LIKE '%Smith%' ORDER BY albumid;
# Graph:

{
    ""nodes"": [
        {""id"" : 1, ""sql statement"" : ""SELECT name,albumid,composer FROM tracks;""},
        {""id"" : 2, ""sql statement"" : ""SELECT name,albumid,composer FROM tracks WHERE composer LIKE '%Smith%';""},
        {""id"" : 3, ""sql statement"" : ""SELECT name,albumid,composer FROM tracks WHERE composer LIKE '%Smith%' ORDER BY albumid;""}
    ],
    ""edges"": [
        {""source"": 1, ""target"": 2},
        {""source"": 2, ""target"": 3}
    ]
}


## Example 2
# Requirement:
We set the tot_cred attribute value of each student tuple to the sum of the credits of the courses that the student has successfully completed. Assume that if a student's grade in a course is neither 'F' nor null, then he has successfully completed the course. Use the set clause.
# Sql:
update student set tot_cred = (select sum(credits) from takes natural join course where student.ID = takes.ID and takes.grade <> 'F' and takes.grade is not null);
# Graph:

{
    ""nodes"": [
        {""id"" : 1, ""sql statement"" : ""select sum(credits) from takes;""},
        {""id"" : 2, ""sql statement"" : ""select sum(credits) from takes natural join course;""},
        {""id"" : 3, ""sql statement"" : ""select sum(credits) from takes natural join course where student.ID = takes.ID and takes.grade <> 'F' and takes.grade is not null;""},
        {""id"" : 4, ""sql statement"" : ""update student set tot_cred = (select sum(credits) from takes natural join course where student.ID = takes.ID and takes.grade <> 'F' and takes.grade is not null);""}
    ],
    ""edges"": [
        {""source"": 1, ""target"": 2},
        {""source"": 2, ""target"": 3},
        {""source"": 3, ""target"": 4}
    ]
}


## Example 3
# Requirement:
What is the complete address of the school with the lowest excellence rate? Indicate the Street, City, Zip and State.xecellence Rate = NumGE1500 / NumTstTakr; complete address has Street, City, Zip, State
# Sql:
SELECT T2.Street, T2.City, T2.Zip, T2.State FROM schools AS T2 INNER JOIN (SELECT cds, CAST(NumGE1500 AS REAL) / NumTstTakr AS rate FROM satscores WHERE NumGE1500 IS NOT NULL AND NumTstTakr IS NOT NULL AND NumTstTakr != 0) AS T1 ON T2.CDSCode = T1.cds WHERE T1.rate = (SELECT MIN(CAST(NumGE1500 AS REAL) / NumTstTakr) AS min_rate FROM satscores WHERE NumGE1500 IS NOT NULL AND NumTstTakr IS NOT NULL AND NumTstTakr != 0) ORDER BY T2.CDSCode;
# Graph:

{
    ""nodes"": [
        {""id"" : 1, ""sql statement"" : ""SELECT cds, CAST(NumGE1500 AS REAL) / NumTstTakr AS rate FROM satscores WHERE NumGE1500 IS NOT NULL AND NumTstTakr IS NOT NULL AND NumTstTakr != 0;""},
        {""id"" : 2, ""sql statement"" : ""SELECT MIN(CAST(NumGE1500 AS REAL) / NumTstTakr) AS min_rate FROM satscores WHERE NumGE1500 IS NOT NULL AND NumTstTakr IS NOT NULL AND NumTstTakr != 0;""},
        {""id"" : 3, ""sql statement"" : ""SELECT T2.Street, T2.City, T2.Zip, T2.State FROM schools AS T2 INNER JOIN (SELECT cds, CAST(NumGE1500 AS REAL) / NumTstTakr AS rate FROM satscores WHERE NumGE1500 IS NOT NULL AND NumTstTakr IS NOT NULL AND NumTstTakr != 0) AS T1 ON T2.CDSCode = T1.cds WHERE T1.rate = (SELECT MIN(CAST(NumGE1500 AS REAL) / NumTstTakr) AS min_rate FROM satscores WHERE NumGE1500 IS NOT NULL AND NumTstTakr IS NOT NULL AND NumTstTakr != 0) ORDER BY T2.CDSCode;""}
        ],
    ""edges"": [
        {""source"": 1, ""target"": 3},
        {""source"": 2, ""target"": 3}
    ]
}


Please build the graph according to the following Requirement and Sql. Please note that just output the final linear graph. Do not include any other superfluous descriptions.

# Requirements:
What are the name of badges that users who have the lowest reputation obtained?lowest reputation refers to Min(Reputation); user refers to UserId
# Sql:
SELECT T2.Name, T1.Reputation FROM users AS T1 INNER JOIN badges AS T2 ON T1.Id = T2.UserId WHERE T1.Reputation = (SELECT MIN(Reputation) FROM users)
# Graph:","SELECT T2.Name, T1.Reputation FROM users AS T1 INNER JOIN badges AS T2 ON T1.Id = T2.UserId WHERE T1.Reputation = (SELECT MIN(Reputation) FROM users)","{
    ""nodes"": [
        {""id"" : 1, ""sql statement"" : ""SELECT MIN(Reputation) FROM users;""},
        {""id"" : 2, ""sql statement"" : ""SELECT T2.Name, T1.Reputation FROM users AS T1 INNER JOIN badges AS T2 ON T1.Id = T2.UserId;""},
        {""id"" : 3, ""sql statement"" : ""SELECT T2.Name, T1.Reputation FROM users AS T1 INNER JOIN badges AS T2 ON T1.Id = T2.UserId WHERE T1.Reputation = (SELECT MIN(Reputation) FROM users);""}
    ],
    ""edges"": [
        {""source"": 1, ""target"": 3},
        {""source"": 2, ""target"": 3}
    ]
}",
694,"The goal is to construct a directed graph representation from a given sqlite SQL statement to represent the gradual advancement of functional implementation and eventually complete all requirements.Each node in the graph represents a SQL statement, which is a subsequence of a given SQL statement, and the edge represents the execution order. Subsequent nodes are the progression of the previous node. ( please attention the last node should be the original given SQL statement. )This graph should faithfully reflect the topological execution order of SQL statements to achieve requirements. The following includes three cases, including requirements, Sql, and Graph.

## Example 1
# Requirement:
find which tracks were composed by composer's name contain Smith.
# Sql:
SELECT name,albumid,composer FROM tracks WHERE composer LIKE '%Smith%' ORDER BY albumid;
# Graph:

{
    ""nodes"": [
        {""id"" : 1, ""sql statement"" : ""SELECT name,albumid,composer FROM tracks;""},
        {""id"" : 2, ""sql statement"" : ""SELECT name,albumid,composer FROM tracks WHERE composer LIKE '%Smith%';""},
        {""id"" : 3, ""sql statement"" : ""SELECT name,albumid,composer FROM tracks WHERE composer LIKE '%Smith%' ORDER BY albumid;""}
    ],
    ""edges"": [
        {""source"": 1, ""target"": 2},
        {""source"": 2, ""target"": 3}
    ]
}


## Example 2
# Requirement:
We set the tot_cred attribute value of each student tuple to the sum of the credits of the courses that the student has successfully completed. Assume that if a student's grade in a course is neither 'F' nor null, then he has successfully completed the course. Use the set clause.
# Sql:
update student set tot_cred = (select sum(credits) from takes natural join course where student.ID = takes.ID and takes.grade <> 'F' and takes.grade is not null);
# Graph:

{
    ""nodes"": [
        {""id"" : 1, ""sql statement"" : ""select sum(credits) from takes;""},
        {""id"" : 2, ""sql statement"" : ""select sum(credits) from takes natural join course;""},
        {""id"" : 3, ""sql statement"" : ""select sum(credits) from takes natural join course where student.ID = takes.ID and takes.grade <> 'F' and takes.grade is not null;""},
        {""id"" : 4, ""sql statement"" : ""update student set tot_cred = (select sum(credits) from takes natural join course where student.ID = takes.ID and takes.grade <> 'F' and takes.grade is not null);""}
    ],
    ""edges"": [
        {""source"": 1, ""target"": 2},
        {""source"": 2, ""target"": 3},
        {""source"": 3, ""target"": 4}
    ]
}


## Example 3
# Requirement:
What is the complete address of the school with the lowest excellence rate? Indicate the Street, City, Zip and State.xecellence Rate = NumGE1500 / NumTstTakr; complete address has Street, City, Zip, State
# Sql:
SELECT T2.Street, T2.City, T2.Zip, T2.State FROM schools AS T2 INNER JOIN (SELECT cds, CAST(NumGE1500 AS REAL) / NumTstTakr AS rate FROM satscores WHERE NumGE1500 IS NOT NULL AND NumTstTakr IS NOT NULL AND NumTstTakr != 0) AS T1 ON T2.CDSCode = T1.cds WHERE T1.rate = (SELECT MIN(CAST(NumGE1500 AS REAL) / NumTstTakr) AS min_rate FROM satscores WHERE NumGE1500 IS NOT NULL AND NumTstTakr IS NOT NULL AND NumTstTakr != 0) ORDER BY T2.CDSCode;
# Graph:

{
    ""nodes"": [
        {""id"" : 1, ""sql statement"" : ""SELECT cds, CAST(NumGE1500 AS REAL) / NumTstTakr AS rate FROM satscores WHERE NumGE1500 IS NOT NULL AND NumTstTakr IS NOT NULL AND NumTstTakr != 0;""},
        {""id"" : 2, ""sql statement"" : ""SELECT MIN(CAST(NumGE1500 AS REAL) / NumTstTakr) AS min_rate FROM satscores WHERE NumGE1500 IS NOT NULL AND NumTstTakr IS NOT NULL AND NumTstTakr != 0;""},
        {""id"" : 3, ""sql statement"" : ""SELECT T2.Street, T2.City, T2.Zip, T2.State FROM schools AS T2 INNER JOIN (SELECT cds, CAST(NumGE1500 AS REAL) / NumTstTakr AS rate FROM satscores WHERE NumGE1500 IS NOT NULL AND NumTstTakr IS NOT NULL AND NumTstTakr != 0) AS T1 ON T2.CDSCode = T1.cds WHERE T1.rate = (SELECT MIN(CAST(NumGE1500 AS REAL) / NumTstTakr) AS min_rate FROM satscores WHERE NumGE1500 IS NOT NULL AND NumTstTakr IS NOT NULL AND NumTstTakr != 0) ORDER BY T2.CDSCode;""}
        ],
    ""edges"": [
        {""source"": 1, ""target"": 3},
        {""source"": 2, ""target"": 3}
    ]
}


Please build the graph according to the following Requirement and Sql. Please note that just output the final linear graph. Do not include any other superfluous descriptions.

# Requirements:
Provide the text of the latest comment to the post with the title 'Analysing wind data with R' and the display name of the user who left it.the latest comment refers to MAX(CreationDate);
# Sql:
SELECT T3.Text, T1.DisplayName FROM users AS T1 INNER JOIN posts AS T2 ON T1.Id = T2.OwnerUserId INNER JOIN comments AS T3 ON T2.Id = T3.PostId WHERE T2.Title = 'Analysing wind data with R' AND T3.CreationDate = (SELECT MAX(T4.CreationDate) FROM users AS T5 INNER JOIN posts AS T6 ON T5.Id = T6.OwnerUserId INNER JOIN comments AS T4 ON T6.Id = T4.PostId WHERE T6.Title = 'Analysing wind data with R')
# Graph:","SELECT T3.Text, T1.DisplayName FROM users AS T1 INNER JOIN posts AS T2 ON T1.Id = T2.OwnerUserId INNER JOIN comments AS T3 ON T2.Id = T3.PostId WHERE T2.Title = 'Analysing wind data with R' AND T3.CreationDate = (SELECT MAX(T4.CreationDate) FROM users AS T5 INNER JOIN posts AS T6 ON T5.Id = T6.OwnerUserId INNER JOIN comments AS T4 ON T6.Id = T4.PostId WHERE T6.Title = 'Analysing wind data with R')","{
    ""nodes"": [
        {""id"" : 1, ""sql statement"" : ""SELECT MAX(T4.CreationDate) FROM users AS T5 INNER JOIN posts AS T6 ON T5.Id = T6.OwnerUserId INNER JOIN comments AS T4 ON T6.Id = T4.PostId WHERE T6.Title = 'Analysing wind data with R';""},
        {""id"" : 2, ""sql statement"" : ""SELECT T3.Text, T1.DisplayName FROM users AS T1 INNER JOIN posts AS T2 ON T1.Id = T2.OwnerUserId INNER JOIN comments AS T3 ON T2.Id = T3.PostId WHERE T2.Title = 'Analysing wind data with R';""},
        {""id"" : 3, ""sql statement"" : ""SELECT T3.Text, T1.DisplayName FROM users AS T1 INNER JOIN posts AS T2 ON T1.Id = T2.OwnerUserId INNER JOIN comments AS T3 ON T2.Id = T3.PostId WHERE T2.Title = 'Analysing wind data with R' AND T3.CreationDate = (SELECT MAX(T4.CreationDate) FROM users AS T5 INNER JOIN posts AS T6 ON T5.Id = T6.OwnerUserId INNER JOIN comments AS T4 ON T6.Id = T4.PostId WHERE T6.Title = 'Analysing wind data with R');""}
    ],
    ""edges"": [
        {""source"": 1, ""target"": 3},
        {""source"": 2, ""target"": 3}
    ]
}",
,,
,,













